last_name,first_name,player_id,year,player_age,p_game,p_formatted_ip,p_total_pa,p_ab,p_total_hits,p_single,p_double,p_triple,p_home_run,p_strikeout,p_walk,p_k_percent,p_bb_percent,batting_avg,slg_percent,on_base_percent,on_base_plus_slg,xba,xslg,woba,xwoba,xobp,xiso,wobacon,xwobacon,exit_velocity_avg,launch_angle_avg,sweet_spot_percent,barrel_batted_rate
Wainwright,Adam,425794,2020,39,10,65.2,262,244,54,36,9,0,9,54,15,20.6,5.7,0.221,0.369,0.271,0.64,0.265,0.436,0.277,0.324,0.312,0.171,0.318,0.382,87.3,12,33,6.3
Greinke,Zack,425844,2020,37,12,67,273,262,67,42,17,2,6,67,9,24.5,3.3,0.256,0.405,0.282,0.687,0.249,0.421,0.293,0.299,0.276,0.172,0.373,0.381,86.8,11.7,34.7,8.2
Lester,Jon,452657,2020,36,12,61,265,244,64,39,13,1,11,42,17,15.8,6.4,0.262,0.459,0.317,0.776,0.28,0.518,0.333,0.363,0.334,0.238,0.366,0.405,88.9,11.9,34,12.3
Scherzer,Max,453286,2020,36,12,67.1,295,269,70,47,12,1,10,92,23,31.2,7.8,0.26,0.424,0.319,0.742,0.25,0.427,0.319,0.319,0.31,0.178,0.434,0.433,88.5,18.7,41.9,8.4
Cueto,Johnny,456501,2020,34,12,63.1,277,246,61,38,12,2,9,56,26,20.2,9.4,0.248,0.423,0.325,0.748,0.259,0.414,0.324,0.334,0.338,0.155,0.361,0.376,87.9,13,34.4,5.7
Lynn,Lance,458681,2020,33,13,84,344,311,64,35,15,1,13,89,25,25.9,7.3,0.206,0.386,0.276,0.662,0.208,0.35,0.287,0.279,0.28,0.142,0.344,0.332,88.6,17.5,34.4,5.4
Carrasco,Carlos,471911,2020,33,12,68,280,249,55,36,11,0,8,82,27,29.3,9.6,0.221,0.361,0.3,0.661,0.221,0.366,0.292,0.299,0.303,0.145,0.364,0.376,88,10.3,35.5,8.3
Gibson,Kyle,502043,2020,33,12,67.1,301,265,73,50,9,2,12,58,30,19.3,10,0.275,0.46,0.362,0.823,0.283,0.451,0.356,0.36,0.369,0.168,0.397,0.402,88.2,6.2,33.3,7.2
Darvish,Yu,506433,2020,34,12,76,297,280,59,40,12,2,5,93,14,31.3,4.7,0.211,0.321,0.253,0.574,0.227,0.345,0.25,0.268,0.269,0.118,0.338,0.367,88.7,11.9,36.9,6.4
Perez,Martin,527048,2020,29,12,62,262,229,55,31,16,0,8,46,28,17.6,10.7,0.24,0.415,0.328,0.743,0.247,0.417,0.325,0.331,0.336,0.17,0.342,0.351,86.3,14.3,34.6,7.6
Cole,Gerrit,543037,2020,30,12,73,288,269,53,25,14,0,14,94,17,32.6,5.9,0.197,0.405,0.25,0.655,0.196,0.377,0.279,0.271,0.249,0.181,0.383,0.37,90.4,16.4,32,9.1
Hendricks,Kyle,543294,2020,31,12,81.1,315,304,73,53,10,0,10,64,8,20.3,2.5,0.24,0.372,0.26,0.632,0.236,0.38,0.269,0.273,0.257,0.144,0.326,0.331,86.2,11,34.3,4.5
Bauer,Trevor,545333,2020,29,11,73,278,258,41,25,4,3,9,100,17,36,6.1,0.159,0.302,0.219,0.522,0.163,0.287,0.227,0.225,0.223,0.124,0.313,0.31,88.5,20.9,25.9,6.3
Ryu,Hyun Jin,547943,2020,33,12,67,275,256,60,42,12,0,6,72,17,26.2,6.2,0.234,0.352,0.284,0.635,0.23,0.331,0.279,0.272,0.281,0.1,0.347,0.336,87,9.6,32.4,3.2
Wheeler,Zack,554430,2020,30,11,71,288,264,67,48,16,0,3,53,16,18.4,5.6,0.254,0.348,0.313,0.661,0.248,0.347,0.291,0.291,0.308,0.099,0.323,0.323,85.7,3.8,30.7,3.8
Boyd,Matthew,571510,2020,29,12,60.1,271,241,67,33,17,2,15,60,22,22.1,8.1,0.278,0.552,0.347,0.899,0.258,0.479,0.378,0.349,0.332,0.22,0.453,0.411,87.4,15.4,37,10.9
Corbin,Patrick,571578,2020,31,11,65.2,295,276,85,57,16,2,10,60,18,20.3,6.1,0.308,0.489,0.349,0.838,0.29,0.47,0.357,0.344,0.332,0.18,0.429,0.412,90.7,11.9,32.3,6.5
Heaney,Andrew,571760,2020,29,12,66.2,279,256,63,39,14,1,9,70,19,25.1,6.8,0.246,0.414,0.301,0.715,0.25,0.445,0.306,0.322,0.305,0.195,0.378,0.401,88.6,16.3,36.2,7.4
Keuchel,Dallas,572971,2020,32,11,63.1,257,238,52,41,8,1,2,42,17,16.3,6.6,0.218,0.286,0.268,0.554,0.277,0.392,0.249,0.316,0.325,0.115,0.263,0.351,86.8,5.3,34.3,4
deGrom,Jacob,594798,2020,32,12,68,268,248,47,28,12,0,7,104,18,38.8,6.7,0.19,0.323,0.243,0.565,0.193,0.33,0.246,0.254,0.246,0.137,0.366,0.38,88.2,11.6,30.1,9.6
Gonzales,Marco,594835,2020,28,11,69.2,277,266,59,38,13,0,8,64,7,23.1,2.5,0.222,0.361,0.253,0.614,0.241,0.425,0.265,0.298,0.271,0.184,0.324,0.37,86.4,17.7,37.1,8.4
Bassitt,Chris,605135,2020,31,11,63,261,240,56,35,15,0,6,55,17,21.1,6.5,0.233,0.371,0.287,0.658,0.24,0.387,0.287,0.299,0.295,0.148,0.33,0.346,88.2,12.5,28.9,5.9
Bundy,Dylan,605164,2020,28,11,65.2,267,245,51,30,14,2,5,72,17,27,6.4,0.208,0.343,0.27,0.613,0.214,0.332,0.268,0.27,0.276,0.118,0.328,0.332,87,14.5,30.6,4.6
Davies,Zach,605200,2020,27,12,69.1,276,255,55,37,8,1,9,63,19,22.8,6.9,0.216,0.361,0.268,0.629,0.268,0.474,0.273,0.343,0.32,0.206,0.321,0.42,87.5,14.6,36.1,10.3
Nola,Aaron,605400,2020,27,12,71.1,289,263,54,33,12,0,9,96,23,33.2,8,0.205,0.354,0.273,0.627,0.222,0.354,0.272,0.283,0.289,0.132,0.368,0.387,88.3,8.6,34.5,5.4
Woodruff,Brandon,605540,2020,27,13,73.2,293,270,55,37,8,1,9,91,18,31.1,6.1,0.204,0.341,0.263,0.604,0.197,0.336,0.264,0.262,0.256,0.139,0.344,0.34,86.7,13.3,26.1,7.2
Freeland,Kyle,607536,2020,27,13,70.2,304,277,77,52,16,0,9,46,23,15.1,7.6,0.278,0.433,0.339,0.772,0.284,0.435,0.335,0.343,0.345,0.152,0.36,0.371,87.3,7.4,31.9,5.6
Giolito,Lucas,608337,2020,26,12,72.1,288,255,47,31,8,0,8,97,28,33.7,9.7,0.184,0.31,0.267,0.577,0.195,0.321,0.257,0.269,0.278,0.126,0.33,0.351,87,15.2,33.5,5.6
Marquez,German,608566,2020,25,13,81.2,344,316,78,53,16,3,6,73,25,21.2,7.3,0.247,0.373,0.299,0.673,0.258,0.392,0.292,0.315,0.314,0.133,0.338,0.369,88.8,7.2,32.9,4.9
Mills,Alec,621219,2020,29,11,62.1,252,230,53,29,11,0,13,46,19,18.3,7.5,0.23,0.448,0.294,0.741,0.264,0.462,0.316,0.342,0.327,0.199,0.351,0.387,86.9,10.1,30.8,9.2
Berrios,Jose,621244,2020,26,12,63,271,240,57,39,9,1,8,68,26,25.1,9.6,0.238,0.383,0.317,0.701,0.247,0.398,0.307,0.321,0.327,0.151,0.362,0.384,88.7,14,33.3,6.3
Castillo,Luis,622491,2020,28,12,70,292,266,62,38,18,1,5,89,24,30.5,8.2,0.233,0.365,0.298,0.663,0.209,0.313,0.29,0.266,0.277,0.104,0.378,0.337,86,2.2,28.7,4.5
Senzatela,Antonio,622608,2020,25,12,73.1,303,279,71,49,10,3,9,41,18,13.5,5.9,0.254,0.409,0.307,0.716,0.273,0.428,0.309,0.329,0.324,0.156,0.325,0.351,88.3,9.1,27.9,5.4
Maeda,Kenta,628317,2020,32,11,66.2,248,238,40,26,4,1,9,80,10,32.3,4,0.168,0.307,0.202,0.508,0.207,0.348,0.219,0.255,0.239,0.141,0.299,0.357,85.3,10.8,31,7
Civale,Aaron,650644,2020,25,12,74,312,291,82,51,17,3,11,69,16,22.1,5.1,0.282,0.474,0.324,0.798,0.264,0.434,0.339,0.321,0.308,0.169,0.413,0.387,87.1,10.4,36.6,6.7
Lamet,Dinelson,659275,2020,28,12,69,267,242,39,25,9,0,5,93,20,34.8,7.5,0.161,0.26,0.236,0.496,0.187,0.317,0.225,0.259,0.261,0.13,0.287,0.349,88.7,16.9,34.7,7.3
Singer,Brady,663903,2020,24,12,64.1,263,236,52,37,6,1,8,61,23,23.2,8.7,0.22,0.356,0.293,0.649,0.232,0.369,0.285,0.302,0.306,0.137,0.325,0.35,88.5,9,28.8,4.5
Valdez,Framber,664285,2020,27,11,70.2,288,263,63,49,6,3,5,76,16,26.4,5.6,0.24,0.342,0.292,0.634,0.238,0.376,0.279,0.3,0.297,0.139,0.343,0.375,91.4,-0.8,33.5,7.9
Gallen,Zac,668678,2020,25,12,72,291,262,55,40,6,0,9,82,25,28.2,8.6,0.21,0.336,0.282,0.618,0.223,0.365,0.275,0.293,0.296,0.142,0.336,0.365,87,12.4,33.7,7.2
Bieber,Shane,669456,2020,25,12,77.1,297,275,46,33,6,0,7,122,21,41.1,7.1,0.167,0.265,0.229,0.494,0.182,0.314,0.222,0.247,0.243,0.132,0.329,0.379,89.3,9.6,26.1,7.2
Greinke,Zack,425844,2018,35,33,207.2,839,784,181,114,37,2,28,199,43,23.7,5.1,0.231,0.39,0.274,0.664,0.244,0.405,0.286,0.302,0.29,0.16,0.351,0.374,88,10.4,35.4,6.4
Hamels,Cole,430935,2018,35,32,190.2,806,715,176,113,29,5,29,188,65,23.3,8.1,0.246,0.422,0.323,0.745,0.248,0.414,0.325,0.326,0.326,0.166,0.381,0.383,88.5,11.1,34.2,7.7
Verlander,Justin,434378,2018,35,34,214,833,781,156,92,31,5,28,290,37,34.8,4.4,0.2,0.36,0.241,0.601,0.184,0.308,0.259,0.237,0.228,0.124,0.372,0.334,88.5,22.1,31.1,6.2
Kluber,Corey,446372,2018,32,33,215,842,801,179,118,32,4,25,222,34,26.4,4,0.223,0.367,0.257,0.624,0.221,0.358,0.27,0.269,0.256,0.138,0.346,0.345,87.9,11.2,32.1,6.3
Shields,James,448306,2018,37,34,204.2,871,775,190,113,41,2,34,154,78,17.7,9,0.245,0.435,0.318,0.753,0.261,0.465,0.326,0.349,0.335,0.204,0.355,0.387,88.6,16.6,36,8.4
Morton,Charlie,450203,2018,35,30,167,695,609,130,82,27,3,18,201,64,28.9,9.2,0.213,0.356,0.302,0.658,0.204,0.324,0.293,0.282,0.297,0.119,0.357,0.34,87.5,7.7,32,5.8
Lester,Jon,452657,2018,34,32,181.2,761,681,174,120,27,3,24,149,64,19.6,8.4,0.256,0.41,0.321,0.73,0.267,0.45,0.319,0.342,0.335,0.183,0.36,0.393,88.7,13.7,39.3,6.8
LeBlanc,Wade,453281,2018,34,32,162,662,614,151,94,32,1,24,130,40,19.6,6,0.246,0.419,0.293,0.712,0.249,0.429,0.306,0.316,0.298,0.18,0.354,0.367,87.4,16.1,36.2,9
Scherzer,Max,453286,2018,34,33,220.2,866,797,150,86,36,5,23,300,51,34.6,5.9,0.188,0.332,0.246,0.578,0.185,0.318,0.252,0.249,0.245,0.133,0.351,0.345,86.6,20.7,34,6.8
Arrieta,Jake,453562,2018,32,31,172.2,724,649,165,109,34,1,21,138,57,19.1,7.9,0.254,0.407,0.316,0.723,0.248,0.39,0.315,0.311,0.313,0.142,0.352,0.346,87.8,8.6,32.9,5.6
Price,David,456034,2018,33,30,176,722,657,151,94,28,4,25,177,50,24.5,6.9,0.23,0.399,0.292,0.691,0.239,0.408,0.3,0.312,0.302,0.169,0.361,0.379,88.7,14.7,33.2,7
Happ,J.A.,457918,2018,36,31,177.2,733,668,150,95,27,1,27,193,51,26.3,7,0.225,0.389,0.286,0.676,0.226,0.398,0.295,0.301,0.289,0.172,0.364,0.373,88.4,15.4,30.9,8.8
Gonzalez,Gio,461829,2018,33,32,171,746,652,167,109,40,1,17,148,80,19.8,10.7,0.256,0.399,0.334,0.733,0.246,0.396,0.32,0.319,0.328,0.15,0.355,0.353,87.7,11.3,34.1,5.6
Chacin,Jhoulys,468504,2018,30,35,192.2,796,697,153,98,32,5,18,156,71,19.6,8.9,0.22,0.357,0.295,0.652,0.242,0.394,0.287,0.315,0.321,0.152,0.31,0.35,88.9,13.2,32.6,6.3
Carrasco,Carlos,471911,2018,31,32,192,784,726,173,115,31,6,21,231,43,29.5,5.5,0.238,0.384,0.283,0.667,0.222,0.36,0.288,0.276,0.271,0.138,0.384,0.365,89.7,9.8,32.9,6
Quintana,Jose,500779,2018,29,32,174.1,739,658,162,102,32,3,25,158,68,21.4,9.2,0.246,0.418,0.315,0.733,0.245,0.411,0.319,0.319,0.318,0.166,0.369,0.369,89.4,12.4,33.7,6.1
Gibson,Kyle,502043,2018,31,32,196.2,826,733,177,121,30,3,23,179,79,21.7,9.6,0.241,0.385,0.315,0.699,0.249,0.388,0.306,0.316,0.324,0.14,0.348,0.363,88,7.9,30.9,5.7
Leake,Mike,502190,2018,31,31,185.2,784,739,207,135,44,5,23,119,34,15.2,4.3,0.28,0.447,0.315,0.762,0.297,0.469,0.326,0.347,0.333,0.172,0.366,0.392,89.8,8.5,35.4,6.7
Holland,Derek,502706,2018,32,36,171.1,727,640,154,90,42,3,19,169,67,23.2,9.2,0.241,0.405,0.309,0.714,0.238,0.397,0.309,0.31,0.313,0.16,0.366,0.368,88.3,14.7,34.3,6.6
Porcello,Rick,519144,2018,30,33,191.1,808,735,177,118,29,3,27,190,48,23.5,5.9,0.241,0.399,0.298,0.697,0.243,0.402,0.303,0.31,0.303,0.159,0.362,0.372,89,12.4,33.8,7
Teheran,Julio,527054,2018,27,31,175.2,724,623,122,67,25,4,26,162,84,22.4,11.6,0.196,0.374,0.297,0.671,0.229,0.404,0.295,0.322,0.328,0.175,0.32,0.362,88.7,15.5,34.5,7.2
Anderson,Tyler,542881,2018,29,32,176,737,665,165,96,35,4,30,164,59,22.3,8,0.248,0.448,0.308,0.756,0.231,0.382,0.323,0.3,0.296,0.151,0.385,0.35,87.6,15.9,36.2,6.3
Cole,Gerrit,543037,2018,28,32,200.1,799,723,143,86,36,2,19,276,64,34.5,8,0.198,0.332,0.268,0.6,0.197,0.335,0.265,0.27,0.269,0.138,0.361,0.369,89.1,15.8,35.8,6.2
Hendricks,Kyle,543294,2018,29,33,199,812,745,184,126,31,5,22,161,44,19.8,5.4,0.247,0.391,0.292,0.682,0.241,0.385,0.295,0.297,0.292,0.143,0.342,0.345,86.5,10.3,32.6,5.7
Odorizzi,Jake,543606,2018,28,32,164.1,711,625,151,85,41,5,20,162,70,22.8,9.8,0.242,0.419,0.322,0.741,0.237,0.412,0.322,0.323,0.323,0.175,0.373,0.375,89.1,21.4,35.2,7.4
Roark,Tanner,543699,2018,32,31,180.1,760,690,181,122,32,3,24,146,50,19.2,6.6,0.262,0.422,0.317,0.739,0.253,0.415,0.319,0.317,0.312,0.162,0.365,0.362,88.1,14.5,32.7,6
Bauer,Trevor,545333,2018,27,28,175.1,717,645,134,93,30,2,9,221,57,30.8,7.9,0.208,0.302,0.279,0.581,0.196,0.306,0.26,0.259,0.27,0.11,0.329,0.328,87.8,12,33,4.4
Wheeler,Zack,554430,2018,28,29,182.1,744,668,150,115,20,1,14,179,55,24.1,7.4,0.225,0.32,0.288,0.608,0.217,0.331,0.272,0.276,0.285,0.114,0.317,0.322,86.1,11.3,32.9,4.8
Urena,Jose,570632,2018,27,31,174,712,640,155,106,28,2,19,130,51,18.3,7.2,0.242,0.381,0.306,0.687,0.248,0.392,0.298,0.311,0.316,0.144,0.331,0.348,88.5,9.3,30.3,6.2
Boyd,Matthew,571510,2018,27,31,170.1,709,639,146,85,33,1,27,159,51,22.4,7.2,0.228,0.41,0.293,0.703,0.209,0.372,0.305,0.288,0.279,0.163,0.355,0.33,87.4,22.3,34.6,6.4
Corbin,Patrick,571578,2018,29,33,200,800,742,162,104,43,0,15,246,48,30.8,6,0.218,0.337,0.269,0.606,0.231,0.358,0.265,0.281,0.282,0.127,0.353,0.379,88.3,7.7,31.1,5.8
Fiers,Mike,571666,2018,33,31,172,714,666,166,99,32,3,32,139,37,19.5,5.2,0.249,0.45,0.296,0.746,0.252,0.475,0.319,0.333,0.3,0.223,0.372,0.391,90,16.8,33.2,10.4
Heaney,Andrew,571760,2018,27,30,180,749,689,171,110,31,3,27,180,45,24,6,0.248,0.419,0.299,0.719,0.243,0.403,0.31,0.309,0.298,0.16,0.379,0.378,87.7,12.4,36.2,7.8
Mikolas,Miles,571945,2018,30,32,200.2,808,760,186,142,24,4,16,146,29,18.1,3.6,0.245,0.35,0.275,0.625,0.243,0.375,0.271,0.283,0.277,0.131,0.313,0.329,86.7,8.2,31.5,5.1
Keuchel,Dallas,572971,2018,30,34,204.2,874,802,211,144,48,1,18,153,58,17.5,6.6,0.263,0.393,0.31,0.703,0.247,0.364,0.305,0.294,0.299,0.117,0.341,0.326,87.3,4.5,29.2,4.7
Foltynewicz,Mike,592314,2018,27,31,183,744,666,130,83,25,5,17,202,68,27.2,9.1,0.195,0.324,0.274,0.599,0.202,0.33,0.265,0.273,0.282,0.128,0.315,0.328,88.6,13.9,30.8,6.9
Gausman,Kevin,592332,2018,27,31,183.2,776,715,189,121,39,3,26,148,50,19.1,6.4,0.264,0.436,0.317,0.753,0.268,0.444,0.324,0.332,0.321,0.176,0.372,0.383,89.1,10.8,33.5,7.4
Gray,Jon,592351,2018,27,31,172.1,743,677,180,113,36,4,27,183,52,24.6,7,0.266,0.451,0.32,0.771,0.246,0.393,0.332,0.307,0.306,0.146,0.413,0.376,89.8,9.7,32.1,6
Taillon,Jameson,592791,2018,27,32,191,785,727,179,123,31,5,20,179,46,22.8,5.9,0.246,0.385,0.294,0.679,0.235,0.368,0.294,0.286,0.286,0.132,0.355,0.344,87.8,10.4,35,4.3
Williams,Trevor,592866,2018,26,31,170.2,701,632,146,95,33,3,15,126,55,18,7.8,0.231,0.364,0.292,0.656,0.246,0.391,0.287,0.306,0.309,0.145,0.314,0.34,86.9,14.1,34.3,5.8
deGrom,Jacob,594798,2018,30,32,217,835,776,152,112,27,3,10,269,46,32.2,5.5,0.196,0.277,0.243,0.52,0.19,0.276,0.23,0.231,0.24,0.086,0.307,0.31,86.1,11.3,31.3,3.9
Gonzales,Marco,594835,2018,26,29,166.2,686,643,172,114,39,2,17,145,32,21.1,4.7,0.267,0.414,0.306,0.72,0.263,0.409,0.311,0.312,0.303,0.146,0.372,0.373,88.6,10.4,38,5.6
Junis,Jakob,596001,2018,26,30,177,758,688,182,119,27,4,32,164,43,21.6,5.7,0.265,0.455,0.317,0.772,0.248,0.434,0.331,0.324,0.307,0.186,0.394,0.385,88.7,13.8,34.5,8.6
Pivetta,Nick,601713,2018,25,33,164,694,624,163,112,25,2,24,188,51,27.1,7.3,0.261,0.423,0.316,0.739,0.213,0.363,0.322,0.284,0.277,0.15,0.412,0.353,88.8,10.9,33,7.8
Bundy,Dylan,605164,2018,26,31,171.2,750,685,188,104,39,4,41,184,54,24.5,7.2,0.274,0.523,0.331,0.853,0.244,0.438,0.363,0.322,0.304,0.194,0.457,0.396,89.2,17.4,37.9,8.5
Clevinger,Mike,605182,2018,28,32,200,810,737,164,104,36,3,21,207,67,25.6,8.3,0.223,0.365,0.29,0.655,0.212,0.351,0.288,0.281,0.281,0.139,0.346,0.335,87.2,14.3,32,5.6
Nola,Aaron,605400,2018,25,33,212.1,831,756,149,99,31,2,17,224,58,27,7,0.197,0.311,0.258,0.568,0.201,0.313,0.251,0.257,0.263,0.112,0.305,0.313,87.1,9.1,27.9,4.6
Snell,Blake,605483,2018,26,31,180.2,700,630,112,68,27,1,16,221,64,31.6,9.1,0.178,0.3,0.253,0.553,0.202,0.341,0.246,0.274,0.276,0.139,0.31,0.358,87.5,10.7,33.1,7.2
Freeland,Kyle,607536,2018,25,33,202.1,844,757,182,133,26,6,17,173,70,20.5,8.3,0.24,0.358,0.306,0.664,0.237,0.371,0.292,0.298,0.305,0.134,0.328,0.336,86.8,12,30.9,5.2
Giolito,Lucas,608337,2018,24,32,173.1,775,664,166,95,40,4,27,125,90,16.1,11.6,0.25,0.444,0.35,0.794,0.254,0.43,0.345,0.346,0.355,0.176,0.358,0.36,88.7,13.3,30.5,7
Marquez,German,608566,2018,23,33,196,817,742,179,118,30,7,24,230,57,28.2,7,0.241,0.398,0.299,0.696,0.223,0.354,0.3,0.281,0.285,0.131,0.388,0.358,89.5,9.1,31.7,5.6
Berrios,Jose,621244,2018,24,32,192.1,797,717,159,102,31,1,25,202,61,25.3,7.7,0.222,0.372,0.292,0.665,0.215,0.351,0.292,0.284,0.288,0.136,0.348,0.337,87.3,14.3,28.8,6
Castillo,Luis,622491,2018,26,31,169.2,708,645,158,94,36,0,28,165,49,23.3,6.9,0.245,0.431,0.299,0.73,0.244,0.423,0.314,0.317,0.302,0.18,0.38,0.384,88.8,9.6,33.7,8.8
Severino,Luis,622663,2018,24,32,191.1,780,726,173,112,39,3,19,220,46,28.2,5.9,0.238,0.379,0.287,0.666,0.238,0.391,0.29,0.297,0.288,0.153,0.375,0.386,88.4,11.7,36.7,7.7
Lopez,Reynaldo,625643,2018,24,32,188.2,799,705,165,102,34,4,25,151,75,18.9,9.4,0.234,0.4,0.313,0.713,0.252,0.431,0.31,0.333,0.331,0.179,0.336,0.369,88.3,19.6,37.5,7.3
Godley,Zack,643327,2018,28,33,178.1,791,682,177,125,32,4,16,185,81,23.4,10.2,0.26,0.389,0.341,0.73,0.252,0.399,0.322,0.331,0.342,0.147,0.374,0.386,89.6,7.5,33.3,6.4
Newcomb,Sean,656794,2018,25,31,164,696,607,137,94,21,4,18,160,81,23,11.6,0.226,0.362,0.315,0.677,0.22,0.347,0.3,0.296,0.312,0.127,0.337,0.331,87.8,13,32.2,4.2
Dickey,R.A.,285079,2017,43,31,190,815,726,193,116,46,5,26,136,67,16.7,8.2,0.266,0.45,0.331,0.782,0.249,0.386,0.334,0.31,0.321,0.137,0.366,0.332,86.2,10.1,30.9,4.3
Lackey,John,407793,2017,39,31,170.2,731,654,165,97,30,2,36,149,53,20.4,7.3,0.252,0.469,0.315,0.784,0.263,0.456,0.331,0.336,0.328,0.193,0.382,0.389,88.2,14.3,34.8,6.8
Greinke,Zack,425844,2017,34,32,202.1,801,749,172,108,35,4,25,215,45,26.8,5.6,0.23,0.387,0.271,0.658,0.223,0.392,0.282,0.285,0.268,0.169,0.36,0.365,87.3,10,31.6,7.4
Santana,Ervin,429722,2017,35,33,211.1,864,786,177,113,28,5,31,167,61,19.3,7.1,0.225,0.392,0.285,0.677,0.233,0.393,0.291,0.297,0.294,0.16,0.325,0.334,86,16.1,29.8,5.9
Verlander,Justin,434378,2017,34,33,206,849,768,170,112,29,2,27,219,72,25.8,8.5,0.221,0.37,0.29,0.66,0.24,0.419,0.285,0.314,0.309,0.179,0.344,0.389,87.6,16.4,37.4,7.2
Hammel,Jason,434628,2017,35,32,180.1,804,737,209,146,35,2,26,145,48,18,6,0.284,0.442,0.331,0.773,0.275,0.469,0.329,0.341,0.326,0.194,0.375,0.39,88.2,16.2,35.5,7.1
Nolasco,Ricky,445060,2017,35,33,181,787,716,205,117,52,1,35,143,58,18.2,7.4,0.286,0.508,0.338,0.846,0.29,0.515,0.357,0.364,0.345,0.225,0.412,0.421,90,14.6,36.6,8.4
Kluber,Corey,446372,2017,31,29,203.2,777,732,141,89,31,0,21,265,36,34.1,4.6,0.193,0.321,0.234,0.555,0.204,0.322,0.24,0.246,0.246,0.118,0.337,0.349,85.3,10.5,33.8,5.3
Vargas,Jason,450306,2017,34,32,179.2,756,685,181,117,33,4,27,134,58,17.7,7.7,0.264,0.442,0.323,0.765,0.255,0.432,0.326,0.323,0.317,0.177,0.364,0.36,87,14.8,33.8,5.5
Lester,Jon,452657,2017,33,32,180.2,763,691,179,116,34,3,26,180,60,23.6,7.9,0.259,0.43,0.318,0.748,0.238,0.387,0.32,0.301,0.304,0.149,0.388,0.359,86.3,10.3,34.1,5.4
Scherzer,Max,453286,2017,33,31,200.2,780,709,126,72,30,2,22,268,55,34.4,7.1,0.178,0.319,0.246,0.565,0.176,0.303,0.247,0.242,0.245,0.126,0.332,0.323,86.5,19.1,31.4,5.6
Richard,Clayton,453385,2017,34,32,197.1,858,780,240,160,48,8,24,151,59,17.6,6.9,0.308,0.482,0.358,0.84,0.275,0.406,0.357,0.321,0.332,0.131,0.409,0.361,87.4,1.8,29.1,4.4
Arrieta,Jake,453562,2017,31,30,168.1,707,637,150,89,33,5,23,163,55,23.1,7.8,0.235,0.411,0.304,0.715,0.24,0.398,0.306,0.305,0.308,0.159,0.36,0.358,87.4,10.6,31.5,5.8
Lynn,Lance,458681,2017,30,33,186.1,776,676,151,96,21,7,27,153,78,19.7,10.1,0.223,0.395,0.308,0.703,0.232,0.394,0.305,0.313,0.322,0.161,0.331,0.343,86.6,12.2,32.3,5.8
Gonzalez,Gio,461829,2017,32,32,201,827,731,158,106,31,0,21,188,79,22.7,9.6,0.216,0.345,0.295,0.64,0.224,0.36,0.281,0.292,0.305,0.136,0.316,0.333,86.1,11.7,29.5,4.9
Estrada,Marco,462136,2017,34,33,186,806,726,186,102,49,4,31,176,71,21.8,8.8,0.256,0.463,0.321,0.784,0.228,0.405,0.333,0.303,0.296,0.177,0.391,0.347,87,21.8,30.8,7
Nova,Ivan,467100,2017,30,31,187,785,732,203,129,40,5,29,131,36,16.7,4.6,0.277,0.464,0.313,0.778,0.271,0.461,0.33,0.328,0.311,0.19,0.377,0.374,89.5,9.1,33.9,6.5
Chacin,Jhoulys,468504,2017,29,32,180.1,765,667,157,105,31,2,19,153,72,20,9.4,0.235,0.373,0.318,0.691,0.237,0.378,0.302,0.306,0.322,0.141,0.329,0.335,86.3,9.8,29.1,5.7
Carrasco,Carlos,471911,2017,30,32,200,798,735,173,106,44,2,21,226,46,28.3,5.8,0.235,0.386,0.287,0.673,0.233,0.387,0.289,0.293,0.288,0.153,0.372,0.38,87.4,9.6,34.1,7.4
Hellickson,Jeremy,476451,2017,30,30,164,695,628,160,81,41,3,35,96,47,13.8,6.8,0.255,0.497,0.309,0.806,0.272,0.48,0.338,0.345,0.329,0.207,0.363,0.371,87.8,17.8,35.3,6.4
Kershaw,Clayton,477132,2017,29,27,175,679,641,136,91,20,2,23,202,30,29.7,4.4,0.212,0.357,0.244,0.602,0.207,0.354,0.258,0.256,0.242,0.146,0.346,0.343,85.3,10.3,30.5,6.3
Cashner,Andrew,488768,2017,31,28,166.2,704,624,156,115,25,1,15,86,64,12.2,9.1,0.25,0.365,0.325,0.691,0.275,0.402,0.304,0.33,0.349,0.127,0.3,0.333,87.1,10.6,32.3,3.9
Quintana,Jose,500779,2017,28,32,188.2,790,715,170,107,36,4,23,207,61,26.2,7.7,0.238,0.396,0.305,0.701,0.242,0.399,0.301,0.307,0.31,0.157,0.372,0.38,87.6,11.7,36.3,5.9
Archer,Chris,502042,2017,29,34,201,852,784,193,125,37,4,27,249,60,29.2,7,0.246,0.407,0.303,0.71,0.232,0.389,0.306,0.296,0.291,0.156,0.4,0.384,89.5,12.6,34.8,6.1
Cobb,Alex,502171,2017,30,29,179.1,742,689,175,116,36,1,22,128,44,17.3,5.9,0.254,0.405,0.303,0.708,0.269,0.431,0.304,0.323,0.318,0.162,0.34,0.365,88.2,9.3,31.6,6
Samardzija,Jeff,502188,2017,32,32,207.2,847,801,204,122,40,12,30,205,32,24.2,3.8,0.255,0.447,0.286,0.733,0.247,0.423,0.309,0.3,0.281,0.176,0.39,0.378,87.4,12.4,36.1,6.3
Leake,Mike,502190,2017,30,31,186,782,724,201,137,42,2,20,130,37,16.6,4.7,0.278,0.424,0.316,0.74,0.267,0.423,0.316,0.313,0.309,0.155,0.358,0.353,87.7,6,30.7,5.1
Darvish,Yu,506433,2017,31,31,186.2,766,697,159,96,35,1,27,209,58,27.3,7.6,0.228,0.397,0.291,0.689,0.232,0.374,0.296,0.293,0.296,0.143,0.371,0.365,86.2,13.2,35.7,6.3
Moore,Matt,519043,2017,28,32,174.1,790,706,200,120,44,9,27,148,67,18.7,8.5,0.283,0.486,0.347,0.833,0.273,0.505,0.354,0.359,0.342,0.231,0.404,0.411,89.6,15.7,36.4,9
Nelson,Jimmy,519076,2017,28,29,175.1,728,665,171,126,28,1,16,199,48,27.3,6.6,0.257,0.374,0.313,0.688,0.233,0.354,0.301,0.284,0.292,0.121,0.381,0.355,85.9,5.9,32,4
Pomeranz,Drew,519141,2017,29,32,173.2,740,659,166,117,27,3,19,174,69,23.5,9.3,0.252,0.388,0.323,0.711,0.244,0.402,0.31,0.313,0.316,0.158,0.363,0.367,87.9,13,32.7,6.7
Porcello,Rick,519144,2017,29,33,203.1,885,824,236,141,54,3,38,181,48,20.5,5.4,0.286,0.498,0.328,0.825,0.27,0.477,0.348,0.336,0.314,0.208,0.416,0.401,88.2,14.4,36.5,8.2
Sale,Chris,519242,2017,28,32,214.1,851,794,165,104,34,3,24,308,43,36.2,5.1,0.208,0.349,0.254,0.603,0.193,0.335,0.26,0.251,0.242,0.142,0.378,0.363,86.8,15,35.8,6.1
Perez,Martin,527048,2017,26,32,185,811,735,221,157,39,2,23,115,63,14.2,7.8,0.301,0.453,0.358,0.811,0.295,0.466,0.349,0.354,0.356,0.171,0.376,0.383,87.1,9.8,35.7,5.4
Teheran,Julio,527054,2017,26,32,188.1,812,723,186,119,31,5,31,151,72,18.6,8.9,0.257,0.443,0.326,0.769,0.251,0.42,0.33,0.322,0.324,0.17,0.368,0.357,87.2,13.8,30.6,6.4
Cole,Gerrit,543037,2017,27,33,203,849,784,199,126,36,6,31,196,55,23.1,6.5,0.254,0.434,0.304,0.738,0.254,0.423,0.315,0.314,0.306,0.169,0.383,0.381,86.3,11.1,34,7.6
Gray,Sonny,543243,2017,28,27,162.1,678,615,139,88,30,2,19,153,57,22.6,8.4,0.226,0.374,0.294,0.667,0.243,0.401,0.29,0.308,0.31,0.158,0.334,0.361,87.4,5.4,29.5,6.2
Roark,Tanner,543699,2017,31,32,181.1,776,701,178,120,31,4,23,166,64,21.4,8.2,0.254,0.408,0.32,0.728,0.255,0.401,0.313,0.313,0.322,0.146,0.363,0.363,86.9,10,34.8,5.4
Strasburg,Stephen,544931,2017,29,28,175.1,701,641,131,86,31,1,13,204,47,29.1,6.7,0.204,0.317,0.264,0.581,0.2,0.325,0.252,0.257,0.262,0.125,0.319,0.327,87.3,10.8,28.2,6.1
Bauer,Trevor,545333,2017,26,32,176.1,749,680,181,112,41,3,25,196,60,26.2,8,0.266,0.446,0.328,0.774,0.249,0.418,0.332,0.318,0.314,0.17,0.417,0.395,89.4,9.7,36.1,7.8
Tanaka,Masahiro,547888,2017,29,30,178.1,752,700,180,103,42,0,35,194,41,25.8,5.5,0.257,0.467,0.303,0.77,0.242,0.434,0.326,0.309,0.29,0.192,0.416,0.391,88.1,8.4,33.8,8.4
Urena,Jose,570632,2017,26,34,169.2,724,638,152,96,25,5,26,113,64,15.6,8.8,0.238,0.415,0.318,0.733,0.26,0.455,0.316,0.34,0.339,0.196,0.33,0.363,86.4,13,34.3,8.6
Corbin,Patrick,571578,2017,28,33,189.2,826,753,208,128,47,7,26,178,61,21.5,7.4,0.276,0.461,0.329,0.79,0.261,0.422,0.333,0.317,0.318,0.16,0.401,0.377,87.9,7.8,30.1,6.7
Straily,Dan,573185,2017,29,33,181.2,769,687,176,99,41,5,31,170,60,22.1,7.8,0.256,0.466,0.313,0.779,0.233,0.406,0.33,0.302,0.297,0.173,0.394,0.354,87.1,18.4,32.4,6.7
Stroman,Marcus,573186,2017,26,33,201,834,762,201,146,33,1,21,164,62,19.7,7.4,0.264,0.392,0.323,0.715,0.261,0.392,0.31,0.312,0.321,0.131,0.352,0.355,88.7,0.6,24.3,5.1
Gausman,Kevin,592332,2017,26,34,186.2,816,736,208,138,39,2,29,179,71,21.9,8.7,0.283,0.459,0.348,0.807,0.27,0.449,0.346,0.34,0.338,0.18,0.41,0.401,87.7,11.7,37.6,8.2
Ray,Robbie,592662,2017,26,28,162,665,582,116,73,18,2,23,218,71,32.8,10.7,0.199,0.356,0.289,0.644,0.214,0.368,0.282,0.296,0.306,0.154,0.367,0.392,89.9,14.4,31.5,6.2
Martinez,Carlos,593372,2017,26,32,205,858,772,179,114,34,4,27,217,71,25.3,8.3,0.232,0.391,0.301,0.692,0.22,0.35,0.299,0.282,0.292,0.13,0.362,0.336,87,8.1,30.5,4.8
deGrom,Jacob,594798,2017,29,31,201.1,827,758,180,124,25,3,28,239,59,28.9,7.1,0.237,0.389,0.291,0.681,0.218,0.348,0.291,0.272,0.277,0.13,0.381,0.352,86.3,10.8,32.1,5.9
Bundy,Dylan,605164,2017,25,28,169.2,698,633,152,91,34,1,26,152,51,21.8,7.3,0.24,0.42,0.301,0.721,0.24,0.434,0.308,0.317,0.304,0.195,0.358,0.371,88.8,19.4,34.2,7.8
Davies,Zach,605200,2017,24,33,191.1,817,741,204,141,36,7,20,124,55,15.2,6.7,0.275,0.424,0.328,0.752,0.285,0.426,0.323,0.333,0.342,0.142,0.351,0.364,86.2,7.4,34,4
Fulmer,Michael,605242,2017,24,25,164.2,676,617,150,112,23,2,13,114,40,16.9,5.9,0.243,0.35,0.293,0.643,0.256,0.402,0.279,0.307,0.308,0.146,0.304,0.34,86.1,9.4,32.5,4.9
Nola,Aaron,605400,2017,24,27,168,693,640,154,103,29,4,18,184,49,26.6,7.1,0.241,0.383,0.296,0.679,0.224,0.358,0.293,0.278,0.281,0.134,0.368,0.345,85.7,9,33.4,5
Perdomo,Luis,606131,2017,24,29,163.2,716,638,182,126,39,0,17,118,65,16.5,9.1,0.285,0.426,0.356,0.782,0.267,0.416,0.339,0.331,0.343,0.148,0.368,0.357,88,1.1,26.5,5
Wacha,Michael,608379,2017,26,30,165.2,701,636,170,117,33,3,17,158,55,22.5,7.8,0.267,0.409,0.325,0.734,0.247,0.385,0.316,0.301,0.308,0.139,0.377,0.355,87.2,9.8,32.4,5.6
Marquez,German,608566,2017,22,29,162,701,634,174,105,37,7,25,147,49,21,7,0.274,0.473,0.33,0.803,0.257,0.43,0.341,0.322,0.318,0.173,0.403,0.377,88.7,9.2,31.3,7.1
Blach,Ty,621389,2017,27,34,163.2,692,633,179,120,36,6,17,73,43,10.5,6.2,0.283,0.439,0.322,0.761,0.287,0.442,0.326,0.333,0.332,0.155,0.341,0.349,86.9,9.9,32.7,3.7
Severino,Luis,622663,2017,23,31,193.1,783,720,150,99,30,0,21,230,51,29.4,6.5,0.208,0.338,0.264,0.602,0.215,0.339,0.263,0.27,0.273,0.124,0.336,0.347,87.2,8,29.7,6.1
Wainwright,Adam,425794,2021,40,32,206.1,828,765,168,111,34,2,21,174,50,21,6,0.22,0.352,0.274,0.626,0.248,0.38,0.273,0.3,0.302,0.132,0.313,0.35,88.2,10,34.3,6.2
Greinke,Zack,425844,2021,38,30,171,697,652,164,105,29,0,30,120,36,17.2,5.2,0.252,0.434,0.29,0.724,0.264,0.426,0.309,0.32,0.305,0.161,0.351,0.365,88.3,10.6,35.3,6.5
Morton,Charlie,450203,2021,38,33,185.2,756,669,136,100,17,3,16,216,58,28.6,7.7,0.203,0.309,0.279,0.589,0.214,0.326,0.264,0.28,0.293,0.112,0.318,0.344,88.1,7.7,29.9,4.9
Scherzer,Max,453286,2021,37,30,179.1,693,644,119,73,21,2,23,236,36,34.1,5.2,0.185,0.331,0.238,0.569,0.194,0.348,0.248,0.262,0.248,0.154,0.341,0.364,87.9,19.3,33.6,8
Miley,Wade,489119,2021,35,28,163,690,627,166,112,35,2,17,125,50,18.1,7.2,0.265,0.408,0.317,0.726,0.25,0.393,0.317,0.311,0.309,0.143,0.355,0.348,85.7,8,31.8,6.1
Gibson,Kyle,502043,2021,34,31,182,754,675,158,107,32,2,17,155,64,20.6,8.5,0.234,0.363,0.305,0.668,0.239,0.363,0.293,0.301,0.312,0.124,0.326,0.337,88.8,7.4,30.6,4.9
Darvish,Yu,506433,2021,35,30,166.1,681,623,138,70,35,5,28,199,44,29.2,6.5,0.222,0.429,0.279,0.708,0.206,0.366,0.301,0.279,0.267,0.16,0.394,0.358,88.2,16.6,35.1,8.8
Anderson,Tyler,542881,2021,32,31,167,703,648,170,107,30,6,27,134,38,19.1,5.4,0.262,0.452,0.297,0.749,0.257,0.42,0.319,0.314,0.299,0.163,0.374,0.369,87,18.2,35.7,8.5
Cole,Gerrit,543037,2021,31,30,181.1,726,677,151,99,27,1,24,243,41,33.5,5.6,0.223,0.372,0.267,0.639,0.207,0.363,0.276,0.272,0.254,0.156,0.387,0.381,88.7,12.5,33,9.8
DeSclafani,Anthony,543101,2021,31,31,167.2,676,626,141,98,22,2,19,152,42,22.5,6.2,0.225,0.358,0.274,0.631,0.24,0.402,0.276,0.302,0.29,0.162,0.326,0.364,88.9,11.6,32.7,8.1
Eovaldi,Nathan,543135,2021,31,32,182.1,764,719,182,109,54,4,15,195,35,25.5,4.6,0.253,0.402,0.293,0.695,0.237,0.361,0.298,0.283,0.279,0.124,0.379,0.356,88,12.8,37,6.3
Hendricks,Kyle,543294,2021,32,32,181,785,719,200,121,43,5,31,131,44,16.7,5.6,0.278,0.481,0.327,0.809,0.274,0.449,0.345,0.337,0.327,0.175,0.389,0.379,86.3,11.1,37.4,8.4
Lyles,Jordan,543475,2021,31,32,180,769,697,194,119,34,3,38,146,56,19,7.3,0.278,0.499,0.334,0.833,0.272,0.473,0.354,0.349,0.331,0.201,0.408,0.401,89.9,15.3,35.5,9.1
Ryu,Hyun Jin,547943,2021,34,31,169,701,658,170,105,38,3,24,143,37,20.4,5.3,0.258,0.435,0.298,0.733,0.262,0.432,0.313,0.321,0.304,0.17,0.371,0.382,89.6,9.8,33.7,8.5
Wheeler,Zack,554430,2021,31,32,213.1,849,785,169,121,29,3,16,247,46,29.1,5.4,0.215,0.321,0.263,0.584,0.213,0.313,0.257,0.257,0.263,0.1,0.331,0.331,84.6,8.4,31.2,4.6
Corbin,Patrick,571578,2021,32,31,171.2,751,672,192,119,32,4,37,143,60,19,8,0.286,0.51,0.34,0.85,0.28,0.485,0.362,0.357,0.34,0.206,0.421,0.414,89.4,9,32.9,9.2
Keuchel,Dallas,572971,2021,33,32,162,720,652,189,125,34,5,25,95,59,13.2,8.2,0.29,0.472,0.354,0.827,0.298,0.482,0.356,0.368,0.362,0.184,0.377,0.392,88.3,5,34.4,9
Stroman,Marcus,573186,2021,30,33,179,730,665,161,118,23,3,17,158,44,21.6,6,0.242,0.362,0.29,0.653,0.26,0.412,0.284,0.317,0.311,0.152,0.332,0.378,89.1,6.3,33.6,6.5
Gausman,Kevin,592332,2021,30,33,192,775,715,150,97,29,4,20,227,50,29.3,6.5,0.21,0.345,0.263,0.609,0.227,0.372,0.265,0.287,0.28,0.145,0.341,0.375,89.1,12.1,30.6,7.1
Ray,Robbie,592662,2021,30,32,193.1,773,714,150,83,31,3,33,248,52,32.1,6.7,0.21,0.401,0.266,0.667,0.215,0.388,0.287,0.289,0.272,0.173,0.39,0.394,90.4,17.6,34.3,9.8
Montas,Frankie,593423,2021,28,32,187,778,707,164,108,33,3,20,207,57,26.6,7.3,0.232,0.372,0.293,0.665,0.234,0.395,0.29,0.304,0.297,0.161,0.359,0.38,89.3,11.6,34.4,8.7
Musgrove,Joe,605397,2021,29,32,181.1,748,667,142,89,27,4,22,203,54,27.1,7.2,0.213,0.364,0.286,0.65,0.233,0.38,0.284,0.302,0.306,0.147,0.345,0.374,87.8,11.6,33.8,7.2
Nola,Aaron,605400,2021,28,32,180.2,749,696,165,105,29,5,26,223,39,29.8,5.2,0.237,0.405,0.284,0.69,0.221,0.374,0.297,0.283,0.271,0.152,0.396,0.375,88.9,14.4,33.3,7.1
Woodruff,Brandon,605540,2021,28,30,179.1,708,650,130,93,16,3,18,211,43,29.8,6.1,0.2,0.317,0.254,0.571,0.225,0.348,0.252,0.279,0.28,0.123,0.322,0.365,86.2,10.6,36,5.8
Fried,Max,608331,2021,27,28,165.2,667,612,139,94,28,2,15,158,41,23.7,6.1,0.227,0.353,0.28,0.633,0.232,0.359,0.278,0.287,0.287,0.127,0.33,0.343,86.5,6.1,31.2,6.3
Giolito,Lucas,608337,2021,27,31,178.2,720,662,145,87,27,4,27,201,52,27.9,7.2,0.219,0.394,0.276,0.671,0.218,0.356,0.288,0.278,0.275,0.138,0.367,0.352,87.7,18.3,37.4,6.7
Irvin,Cole,608344,2021,27,32,178.1,768,710,195,136,35,1,23,125,42,16.3,5.5,0.275,0.424,0.32,0.744,0.28,0.441,0.323,0.338,0.33,0.16,0.359,0.379,89.3,16.2,35.9,7.3
Marquez,German,608566,2021,26,32,180,756,682,165,108,35,1,21,176,64,23.3,8.5,0.242,0.389,0.308,0.697,0.246,0.382,0.303,0.307,0.314,0.136,0.36,0.366,88.9,5.2,32.5,5.3
Buehler,Walker,621111,2021,27,33,207.2,815,747,149,92,36,2,19,212,52,26,6.4,0.199,0.329,0.254,0.583,0.215,0.338,0.255,0.27,0.271,0.123,0.31,0.332,88.2,11.1,29.2,6.8
McCullers Jr.,Lance,621121,2021,28,28,162.1,684,596,122,80,26,3,13,185,76,27,11.1,0.205,0.324,0.304,0.628,0.206,0.309,0.283,0.283,0.306,0.103,0.324,0.324,89.8,5.1,25.9,5.3
Berrios,Jose,621244,2021,27,32,192,781,714,159,94,40,3,22,204,45,26.1,5.8,0.223,0.38,0.28,0.66,0.239,0.399,0.286,0.309,0.299,0.16,0.352,0.386,88.4,12.4,36.6,9.1
Castillo,Luis,622491,2021,29,33,187.2,803,711,181,121,34,7,19,192,75,23.9,9.3,0.255,0.402,0.328,0.73,0.23,0.34,0.318,0.291,0.309,0.11,0.379,0.338,87.7,4.2,28.7,4.5
Flexen,Chris,623167,2021,27,31,179.2,741,690,185,127,34,5,19,125,40,16.9,5.4,0.268,0.414,0.309,0.724,0.257,0.42,0.311,0.315,0.301,0.163,0.349,0.354,89.5,11.5,33.9,6.3
Urias,Julio,628711,2021,25,32,185.2,745,691,151,99,33,0,19,195,38,26.2,5.1,0.219,0.349,0.263,0.612,0.218,0.356,0.266,0.272,0.266,0.138,0.334,0.343,86,15.5,31.9,5.3
Manaea,Sean,640455,2021,29,32,179.1,754,702,179,119,33,2,25,194,41,25.7,5.4,0.255,0.415,0.304,0.718,0.246,0.41,0.31,0.309,0.297,0.163,0.391,0.389,90.2,13.3,34.5,8
Mahle,Tyler,641816,2021,27,33,180,759,674,158,100,31,3,24,210,64,27.7,8.4,0.234,0.396,0.306,0.702,0.226,0.358,0.308,0.296,0.302,0.132,0.385,0.366,87.8,13.3,34.1,6.5
Alcantara,Sandy,645261,2021,26,33,205.2,837,768,171,107,40,3,21,201,50,24,6,0.223,0.365,0.276,0.641,0.231,0.364,0.279,0.287,0.286,0.133,0.334,0.346,87.6,4.5,29.9,6.1
Cease,Dylan,656302,2021,26,32,165.2,708,623,139,94,22,3,20,226,68,31.9,9.6,0.223,0.364,0.305,0.669,0.207,0.355,0.295,0.291,0.294,0.148,0.383,0.378,89.2,18.5,37,9.9
Burnes,Corbin,669203,2021,27,28,167,657,612,123,96,17,3,7,234,34,35.6,5.2,0.201,0.273,0.248,0.521,0.179,0.254,0.232,0.218,0.228,0.075,0.325,0.302,85.5,8.4,29.5,3.1
Colon,Bartolo,112526,2016,43,34,191.2,791,745,200,134,36,6,24,128,32,16.2,4,0.268,0.43,0.297,0.727,0.267,0.424,0.311,0.311,0.299,0.157,0.355,0.355,90,12.2,29.9,5.3
Sabathia,CC,282332,2016,36,30,179.2,768,687,172,122,26,2,22,152,65,19.8,8.5,0.25,0.39,0.32,0.71,0.219,0.348,0.312,0.285,0.294,0.129,0.348,0.31,85.1,9.7,27.5,4.4
Dickey,R.A.,285079,2016,42,30,169.2,728,655,169,97,39,5,28,126,63,17.3,8.7,0.258,0.461,0.327,0.788,0.274,0.466,0.338,0.349,0.342,0.192,0.372,0.387,87.6,12.8,34.7,7.3
Lackey,John,407793,2016,38,29,188.1,748,670,146,96,25,2,23,180,53,24.1,7.1,0.218,0.364,0.278,0.642,0.238,0.395,0.28,0.305,0.303,0.157,0.331,0.368,89.7,14.5,32.6,5.9
Wainwright,Adam,425794,2016,35,33,198.2,847,766,220,146,48,4,22,161,59,19,7,0.287,0.446,0.335,0.782,0.273,0.423,0.335,0.326,0.328,0.151,0.388,0.375,86.9,11.1,37.5,5.9
Santana,Ervin,429722,2016,34,30,181.1,748,685,168,113,36,0,19,149,53,19.9,7.1,0.245,0.381,0.301,0.682,0.245,0.398,0.296,0.303,0.302,0.153,0.337,0.347,88.3,13.1,32.8,5.9
Hamels,Cole,430935,2016,33,32,200.2,848,760,185,130,30,1,24,200,77,23.6,9.1,0.243,0.38,0.318,0.699,0.24,0.388,0.307,0.31,0.316,0.148,0.358,0.364,87.6,8,32,6
Verlander,Justin,434378,2016,33,34,227.2,903,827,171,102,35,4,30,254,57,28.1,6.3,0.207,0.368,0.261,0.629,0.204,0.359,0.272,0.272,0.262,0.155,0.344,0.344,87.9,19.5,29.8,7.5
Liriano,Francisco,434538,2016,33,31,163,731,624,157,104,23,4,26,168,85,23,11.6,0.252,0.426,0.343,0.77,0.234,0.383,0.336,0.318,0.333,0.149,0.387,0.358,88.4,6.4,28.6,6.4
Hammel,Jason,434628,2016,34,30,166.2,692,620,148,88,31,4,25,144,53,20.8,7.7,0.239,0.423,0.303,0.726,0.247,0.428,0.315,0.321,0.314,0.181,0.36,0.37,90,12.4,33.5,7.2
Nolasco,Ricky,445060,2016,34,32,197.2,817,756,202,131,41,4,26,144,44,17.6,5.4,0.267,0.435,0.307,0.742,0.26,0.43,0.318,0.316,0.304,0.17,0.362,0.36,88.7,11.6,33.8,6.4
Kluber,Corey,446372,2016,30,32,215,860,788,170,106,39,3,22,227,57,26.4,6.6,0.216,0.357,0.272,0.629,0.222,0.359,0.275,0.28,0.28,0.137,0.339,0.346,86.7,12,34.4,6
Shields,James,448306,2016,35,33,181.2,822,723,208,121,41,6,40,135,82,16.4,10,0.288,0.527,0.363,0.89,0.275,0.476,0.377,0.357,0.354,0.201,0.417,0.389,88.7,12.8,34.6,8.4
Garcia,Jaime,448802,2016,30,32,171.2,741,668,179,112,40,1,26,150,57,20.2,7.7,0.268,0.448,0.328,0.776,0.247,0.393,0.334,0.307,0.312,0.146,0.389,0.35,88.7,4.5,28.1,5.7
Volquez,Edinson,450172,2016,33,34,189.1,853,758,217,150,41,3,23,139,76,16.3,8.9,0.286,0.439,0.352,0.791,0.272,0.45,0.343,0.344,0.344,0.178,0.374,0.375,88.9,7.4,32.2,6.3
Weaver,Jered,450308,2016,34,31,178,767,704,209,131,38,3,37,103,51,13.4,6.6,0.297,0.517,0.344,0.861,0.276,0.486,0.365,0.346,0.326,0.21,0.398,0.374,88.2,21.1,38.3,7.4
Fister,Doug,450729,2016,32,32,180.1,779,706,195,124,44,3,24,115,62,14.8,8,0.276,0.449,0.339,0.788,0.266,0.425,0.34,0.328,0.33,0.159,0.365,0.35,87.5,10.7,34.2,4.5
Lester,Jon,452657,2016,32,32,202.2,796,730,154,107,25,1,21,197,52,24.7,6.5,0.211,0.334,0.266,0.601,0.214,0.331,0.264,0.265,0.271,0.117,0.315,0.317,87.4,11.6,31.2,4.1
Kennedy,Ian,453178,2016,32,33,195.2,818,733,173,110,29,1,33,184,66,22.5,8.1,0.236,0.413,0.308,0.721,0.236,0.426,0.312,0.319,0.309,0.19,0.362,0.372,89.3,19.3,32.4,7.7
Scherzer,Max,453286,2016,32,34,228.1,902,830,165,93,37,4,31,284,56,31.5,6.2,0.199,0.365,0.252,0.617,0.191,0.325,0.267,0.251,0.247,0.133,0.358,0.333,87.2,19.4,30.8,6.1
Arrieta,Jake,453562,2016,30,31,197.1,795,710,138,93,27,2,16,190,76,23.9,9.6,0.194,0.306,0.277,0.582,0.222,0.344,0.261,0.287,0.302,0.122,0.289,0.329,86.7,6.5,30.8,4.8
Price,David,456034,2016,31,35,230,951,879,227,151,40,6,30,228,50,24,5.3,0.258,0.42,0.299,0.718,0.24,0.398,0.309,0.296,0.286,0.158,0.383,0.364,87.8,11.5,32.4,6.3
Cueto,Johnny,456501,2016,30,32,219.2,881,818,195,139,36,5,15,198,45,22.5,5.1,0.238,0.35,0.281,0.631,0.241,0.365,0.276,0.284,0.287,0.123,0.329,0.341,87.8,10.6,30.2,4.4
Happ,J.A.,457918,2016,34,32,195,796,726,168,113,31,2,22,163,60,20.5,7.5,0.231,0.371,0.294,0.664,0.253,0.415,0.291,0.318,0.315,0.162,0.328,0.366,89.5,12.2,32.1,7.4
Tomlin,Josh,458708,2016,32,30,174,725,694,187,111,37,3,36,118,20,16.3,2.8,0.269,0.487,0.29,0.777,0.272,0.47,0.327,0.324,0.294,0.198,0.381,0.376,87.9,10.7,35.4,7.2
Gonzalez,Gio,461829,2016,31,32,177.1,765,684,179,123,34,3,19,171,59,22.4,7.7,0.262,0.404,0.323,0.726,0.244,0.394,0.317,0.308,0.311,0.15,0.373,0.36,88.7,9.1,31.2,5.9
Estrada,Marco,462136,2016,33,29,176,723,651,132,79,26,4,23,165,65,22.8,9,0.203,0.361,0.278,0.639,0.215,0.367,0.279,0.289,0.29,0.152,0.316,0.331,88.1,21.3,31.9,7.4
Nova,Ivan,467100,2016,29,32,162,684,636,175,103,46,3,23,127,28,18.6,4.1,0.275,0.465,0.31,0.775,0.257,0.43,0.33,0.313,0.297,0.174,0.386,0.363,90.7,5.2,32.1,6.7
Hellickson,Jeremy,476451,2016,29,32,189,772,711,173,101,44,4,24,154,45,19.9,5.8,0.243,0.418,0.29,0.708,0.255,0.423,0.304,0.313,0.304,0.169,0.352,0.365,87.6,14.7,37.4,6.9
Miley,Wade,489119,2016,30,30,166,711,649,187,122,39,1,25,137,49,19.3,6.9,0.288,0.467,0.34,0.807,0.273,0.455,0.346,0.34,0.332,0.182,0.401,0.394,89,9.1,35.1,6.7
Quintana,Jose,500779,2016,27,32,208,837,779,192,123,46,1,22,181,50,21.6,6,0.246,0.393,0.294,0.687,0.245,0.372,0.297,0.291,0.294,0.127,0.352,0.344,88.2,16.3,33.1,4.5
Pineda,Michael,501381,2016,27,32,175.2,756,693,184,108,43,6,27,207,53,27.4,7,0.266,0.462,0.321,0.783,0.234,0.409,0.335,0.304,0.294,0.175,0.434,0.387,89.8,9.5,35.6,6.7
Tillman,Chris,501957,2016,28,30,172,715,636,155,89,44,3,19,140,66,19.6,9.2,0.244,0.412,0.319,0.731,0.254,0.42,0.317,0.329,0.331,0.166,0.352,0.368,89.1,12.5,34.7,7.8
Archer,Chris,502042,2016,28,33,201.1,850,769,183,118,33,2,30,233,67,27.4,7.9,0.238,0.403,0.298,0.701,0.229,0.403,0.304,0.301,0.292,0.175,0.386,0.381,90.2,10.3,29.7,8.4
Samardzija,Jeff,502188,2016,31,32,203.1,829,764,190,121,37,8,24,167,54,20.1,6.5,0.249,0.412,0.296,0.708,0.246,0.412,0.303,0.305,0.296,0.166,0.355,0.357,88.7,10.9,31.1,6.1
Leake,Mike,502190,2016,29,30,176.2,757,705,203,141,39,3,20,125,30,16.5,4,0.288,0.437,0.317,0.754,0.273,0.438,0.323,0.319,0.306,0.165,0.368,0.364,89,6.3,29.7,6.2
Santiago,Hector,502327,2016,29,33,182,785,690,169,98,34,4,33,144,79,18.3,10.1,0.245,0.449,0.322,0.772,0.253,0.481,0.332,0.35,0.333,0.228,0.364,0.389,89.7,20.1,33,9.3
Bettis,Chad,518452,2016,27,32,186,814,735,204,138,35,9,22,138,59,17,7.2,0.278,0.439,0.332,0.771,0.27,0.425,0.332,0.326,0.329,0.156,0.372,0.363,88.7,6.9,31.1,5.6
Bumgarner,Madison,518516,2016,27,34,226.2,912,841,179,114,37,2,26,251,54,27.5,5.9,0.213,0.354,0.264,0.619,0.209,0.361,0.269,0.272,0.263,0.152,0.338,0.342,88.5,15.6,29.5,6.7
Duffy,Danny,518633,2016,28,42,179.2,731,676,163,100,33,3,27,188,42,25.7,5.7,0.241,0.419,0.29,0.709,0.234,0.419,0.305,0.303,0.285,0.185,0.384,0.381,89.5,15.8,34.8,7.9
Moore,Matt,519043,2016,27,33,198.1,838,752,184,133,25,1,25,178,72,21.2,8.6,0.245,0.38,0.313,0.693,0.228,0.392,0.304,0.302,0.3,0.164,0.346,0.343,88.8,17.1,30.9,6.4
Nelson,Jimmy,519076,2016,27,32,179.1,807,693,186,128,29,4,25,140,86,17.3,10.7,0.268,0.43,0.358,0.788,0.245,0.392,0.345,0.325,0.342,0.147,0.368,0.339,88.7,9.1,27.8,5.5
Pomeranz,Drew,519141,2016,28,31,170.2,703,631,137,86,29,0,22,186,65,26.5,9.2,0.217,0.368,0.289,0.656,0.203,0.345,0.286,0.276,0.279,0.143,0.348,0.333,88.1,11.6,28.4,7.3
Porcello,Rick,519144,2016,28,33,223,890,840,193,129,36,5,23,189,32,21.2,3.6,0.23,0.367,0.267,0.634,0.241,0.408,0.274,0.296,0.279,0.167,0.324,0.354,88.4,13.7,32.8,7
Sale,Chris,519242,2016,27,32,226.2,907,837,190,126,34,3,27,233,45,25.7,5,0.227,0.372,0.278,0.649,0.231,0.375,0.282,0.289,0.286,0.144,0.349,0.36,88.7,14.6,33.5,5.7
Perez,Martin,527048,2016,25,33,198.2,855,758,205,141,45,1,18,103,76,12,8.9,0.27,0.404,0.333,0.737,0.284,0.451,0.323,0.35,0.352,0.166,0.328,0.363,89.6,6.5,31.5,6
Teheran,Julio,527054,2016,25,30,188,758,703,157,99,31,5,22,167,41,22,5.4,0.223,0.376,0.273,0.649,0.23,0.399,0.281,0.294,0.281,0.169,0.331,0.349,88.8,16.2,33.1,6.5
Hendricks,Kyle,543294,2016,27,31,190,745,686,142,97,28,2,15,170,44,22.8,5.9,0.207,0.319,0.26,0.58,0.204,0.307,0.254,0.25,0.259,0.103,0.295,0.289,86.6,10.1,28.9,3.4
Koehler,Tom,543408,2016,30,33,176.2,774,675,176,114,38,2,22,147,83,19,10.7,0.261,0.421,0.341,0.762,0.256,0.411,0.33,0.328,0.342,0.154,0.365,0.363,87.8,12,36.4,6.7
McHugh,Collin,543521,2016,29,33,184.2,796,730,206,135,40,6,25,177,54,22.2,6.8,0.282,0.456,0.333,0.789,0.226,0.36,0.338,0.281,0.283,0.134,0.409,0.328,87,14.3,33.6,4.7
Odorizzi,Jake,543606,2016,26,33,187.2,773,706,170,105,33,3,29,166,54,21.5,7,0.241,0.419,0.295,0.714,0.249,0.424,0.306,0.315,0.306,0.175,0.36,0.373,89.9,16.6,34.6,8.4
Roark,Tanner,543699,2016,30,34,210,855,758,173,134,20,2,17,172,73,20.1,8.5,0.228,0.327,0.303,0.63,0.238,0.374,0.282,0.303,0.315,0.136,0.307,0.337,87.4,8.7,30.5,5.4
Bauer,Trevor,545333,2016,25,35,190,811,721,179,119,36,4,20,168,70,20.7,8.6,0.248,0.393,0.318,0.711,0.252,0.396,0.31,0.317,0.326,0.143,0.35,0.36,89.6,9.9,30.3,5.7
Iwakuma,Hisashi,547874,2016,35,33,199,836,772,218,145,43,2,28,147,46,17.6,5.5,0.282,0.452,0.322,0.774,0.27,0.436,0.331,0.323,0.315,0.166,0.38,0.37,88.7,14.6,33.5,5.8
Tanaka,Masahiro,547888,2016,28,31,199.2,805,759,179,121,34,2,22,165,36,20.5,4.5,0.236,0.373,0.271,0.644,0.245,0.378,0.278,0.286,0.281,0.134,0.328,0.339,88.9,9,31.6,4.3
Ventura,Yordano,570649,2016,25,32,186,816,723,190,129,35,3,23,144,78,17.6,9.6,0.263,0.415,0.338,0.753,0.264,0.442,0.329,0.341,0.342,0.178,0.356,0.373,89.8,8.6,30.2,7.8
Fiers,Mike,571666,2016,31,31,168.2,724,667,187,112,47,2,26,134,42,18.5,5.8,0.28,0.474,0.326,0.8,0.272,0.444,0.342,0.329,0.319,0.172,0.395,0.377,89.8,12.1,35.5,6.1
Keuchel,Dallas,572971,2016,28,26,168,701,648,168,107,35,6,20,144,48,20.5,6.8,0.259,0.424,0.311,0.735,0.253,0.393,0.317,0.305,0.306,0.14,0.371,0.354,88.4,3.8,29.6,6.9
Straily,Dan,573185,2016,28,34,191.1,792,699,154,86,35,2,31,162,73,20.5,9.2,0.22,0.409,0.301,0.71,0.24,0.418,0.307,0.321,0.322,0.178,0.342,0.363,88.8,18.8,35.7,7.5
Stroman,Marcus,573186,2016,25,32,204,855,792,209,141,44,3,21,166,54,19.4,6.3,0.264,0.407,0.312,0.719,0.254,0.383,0.312,0.303,0.306,0.128,0.359,0.347,90.4,0.5,26.5,4.9
Gausman,Kevin,592332,2016,25,30,179.2,757,698,183,123,31,1,28,174,47,23,6.2,0.262,0.43,0.31,0.74,0.243,0.407,0.319,0.305,0.295,0.164,0.388,0.368,88.6,12.6,31.5,7.2
Gray,Jon,592351,2016,25,29,168,712,630,153,103,28,4,18,185,59,26,8.3,0.243,0.386,0.315,0.7,0.233,0.375,0.307,0.304,0.312,0.142,0.373,0.368,88.2,12.4,36,6.2
Ray,Robbie,592662,2016,25,32,174.1,776,694,185,124,32,5,24,218,71,28.1,9.1,0.267,0.431,0.338,0.768,0.239,0.396,0.332,0.31,0.315,0.157,0.429,0.393,89.9,12.4,32.2,6.9
Sanchez,Aaron,592717,2016,24,30,192,790,719,161,113,31,2,15,161,63,20.4,8,0.224,0.335,0.29,0.625,0.249,0.396,0.277,0.31,0.314,0.147,0.306,0.353,90,4.5,27.5,6.1
Smyly,Drew,592767,2016,27,30,175.1,738,671,174,107,34,1,32,167,49,22.6,6.6,0.259,0.456,0.305,0.761,0.231,0.404,0.323,0.298,0.285,0.173,0.393,0.357,87.8,21.4,34,6.7
Syndergaard,Noah,592789,2016,24,31,183.2,744,692,168,118,36,3,11,218,43,29.3,5.8,0.243,0.351,0.286,0.637,0.217,0.32,0.277,0.256,0.264,0.103,0.367,0.334,87.6,6.4,31.8,3.5
Martinez,Carlos,593372,2016,25,31,195.1,809,724,169,128,25,1,15,174,70,21.5,8.7,0.233,0.333,0.309,0.642,0.223,0.325,0.286,0.28,0.3,0.102,0.318,0.309,87.2,5.8,24.7,3.8
Eickhoff,Jerad,595191,2016,26,33,197.1,811,745,187,108,43,6,30,167,42,20.6,5.2,0.251,0.446,0.292,0.738,0.234,0.383,0.313,0.291,0.283,0.149,0.371,0.34,88.6,15.4,32.8,5.7
Davies,Zach,605200,2016,23,28,163.1,682,631,166,113,28,5,20,135,38,19.8,5.6,0.263,0.418,0.308,0.726,0.235,0.364,0.313,0.285,0.285,0.129,0.364,0.326,87.6,11.4,31.2,5.2
Fernandez,Jose,605228,2016,24,29,182.1,737,664,149,104,29,3,13,253,55,34.3,7.5,0.224,0.336,0.285,0.621,0.218,0.326,0.271,0.267,0.283,0.108,0.38,0.373,89.2,11.6,36.2,3.8
Finnegan,Brandon,605232,2016,23,31,172,734,636,150,95,21,5,29,145,84,19.8,11.4,0.236,0.421,0.324,0.746,0.256,0.44,0.324,0.344,0.347,0.184,0.354,0.384,88.3,13.9,38.9,8
Rodon,Carlos,607074,2016,24,28,165,715,644,176,123,28,2,23,168,54,23.5,7.6,0.273,0.43,0.33,0.76,0.237,0.367,0.328,0.293,0.302,0.13,0.399,0.348,88.9,13.1,32.5,4.5
Graveman,Kendall,608665,2016,26,31,186,786,723,196,138,34,2,22,108,47,13.7,6,0.271,0.415,0.318,0.733,0.283,0.449,0.316,0.336,0.332,0.166,0.34,0.365,89.6,6,30,5.5
Maeda,Kenta,628317,2016,28,32,175.2,716,655,150,107,21,2,20,179,50,25,7,0.229,0.359,0.291,0.649,0.222,0.354,0.281,0.278,0.285,0.132,0.341,0.337,85.7,12.7,34.9,5.4
Colon,Bartolo,112526,2015,42,33,194.2,815,771,217,149,41,2,25,136,24,16.7,2.9,0.281,0.437,0.301,0.738,0.265,0.421,0.316,0.31,0.29,0.157,0.37,0.362,88.9,11.8,34.1,5.4
Burnett,A.J.,150359,2015,38,26,164,699,633,174,134,24,5,11,143,49,20.5,7,0.275,0.381,0.335,0.715,0.255,0.396,0.315,0.316,0.318,0.141,0.362,0.363,89.8,5.6,30.4,4.8
Buehrle,Mark,279824,2015,36,32,198.2,827,768,214,140,46,6,22,91,33,11,4,0.279,0.44,0.307,0.747,0.281,0.45,0.321,0.331,0.314,0.169,0.344,0.355,87.1,11.6,33.3,4.9
Sabathia,CC,282332,2015,35,29,167.1,726,659,188,134,22,4,28,137,50,18.9,6.9,0.285,0.458,0.336,0.794,0.25,0.373,0.343,0.301,0.307,0.123,0.397,0.34,87.8,10.7,29.1,4.1
Dickey,R.A.,285079,2015,41,33,214.1,884,798,195,125,37,8,25,126,61,14.3,6.9,0.244,0.405,0.302,0.707,0.252,0.395,0.307,0.312,0.312,0.143,0.324,0.33,87.4,12.5,32.7,4.4
Lackey,John,407793,2015,37,33,218,896,824,211,156,32,2,21,175,53,19.5,5.9,0.256,0.376,0.299,0.675,0.233,0.365,0.295,0.284,0.282,0.132,0.343,0.328,88.3,11.6,29.4,5.6
Lewis,Colby,407890,2015,36,33,204.2,861,793,211,137,44,4,26,142,42,16.5,4.9,0.266,0.43,0.307,0.737,0.263,0.442,0.317,0.326,0.308,0.178,0.357,0.367,89.4,18.2,35.1,6.8
Harang,Aaron,421685,2015,37,29,172.1,748,681,189,121,31,11,26,108,51,14.4,6.8,0.278,0.47,0.329,0.799,0.264,0.46,0.345,0.34,0.321,0.196,0.377,0.371,90.2,16.6,35.5,7
Greinke,Zack,425844,2015,32,32,222.2,843,790,148,109,22,3,14,200,40,23.7,4.7,0.187,0.276,0.229,0.505,0.206,0.31,0.225,0.249,0.248,0.104,0.266,0.3,87.3,9.8,28.1,4
Haren,Dan,429717,2015,35,32,187.1,768,709,174,97,44,2,31,132,38,17.2,4.9,0.245,0.444,0.286,0.731,0.245,0.417,0.315,0.307,0.29,0.172,0.357,0.348,88.2,20.8,33.4,6.4
Simon,Alfredo,430580,2015,34,31,187,820,729,201,120,47,10,24,117,68,14.3,8.3,0.276,0.466,0.338,0.804,0.263,0.441,0.348,0.341,0.332,0.177,0.373,0.363,89.7,12.6,30.9,6.1
Hamels,Cole,430935,2015,32,32,212.1,880,800,190,131,35,2,22,215,62,24.4,7,0.238,0.369,0.298,0.666,0.228,0.347,0.294,0.284,0.291,0.119,0.354,0.341,87.7,9.7,30.7,4.4
Kazmir,Scott,431148,2015,31,31,183,763,684,162,111,28,3,20,155,59,20.3,7.7,0.237,0.374,0.301,0.676,0.244,0.391,0.298,0.314,0.313,0.148,0.335,0.356,87.4,12.5,35.4,5.2
Danks,John,433579,2015,30,30,177.2,768,695,195,119,47,5,24,124,56,16.1,7.3,0.281,0.466,0.331,0.797,0.243,0.391,0.344,0.304,0.3,0.149,0.384,0.331,87.3,16,32,5.1
Hernandez,Felix,433587,2015,29,31,201.2,826,750,180,125,27,5,23,191,58,23.1,7,0.24,0.381,0.299,0.68,0.228,0.344,0.299,0.285,0.291,0.116,0.354,0.333,88.7,5.5,26.8,4.2
Liriano,Francisco,434538,2015,32,31,186.2,773,695,155,112,25,3,15,205,70,26.5,9.1,0.223,0.332,0.298,0.63,0.224,0.337,0.282,0.287,0.299,0.113,0.338,0.346,85.8,6.5,33.7,4.3
Jimenez,Ubaldo,434622,2015,31,32,184,791,707,182,128,29,5,20,168,68,21.2,8.6,0.257,0.397,0.33,0.727,0.238,0.358,0.32,0.301,0.314,0.119,0.365,0.339,87.8,10,32.2,4.2
Hammel,Jason,434628,2015,33,31,170.2,710,654,158,91,37,7,23,172,40,24.2,5.6,0.242,0.425,0.287,0.712,0.251,0.416,0.305,0.311,0.299,0.166,0.38,0.388,88.8,13.3,37.2,7.1
Kluber,Corey,446372,2015,29,32,222,886,819,189,120,45,2,22,245,45,27.7,5.1,0.231,0.371,0.277,0.648,0.225,0.362,0.283,0.28,0.274,0.137,0.365,0.361,87.9,11.5,33.2,5.6
Shields,James,448306,2015,34,33,202.1,860,763,189,107,43,6,33,216,81,25.1,9.4,0.248,0.45,0.324,0.774,0.23,0.377,0.335,0.305,0.311,0.147,0.412,0.366,89.1,10.9,31.2,5.6
Volquez,Edinson,450172,2015,32,34,200.1,850,758,190,134,36,4,16,155,72,18.2,8.5,0.251,0.372,0.318,0.69,0.258,0.409,0.305,0.326,0.327,0.151,0.332,0.362,88.5,10.3,32.7,5.9
Gallardo,Yovani,451596,2015,29,33,184.1,793,720,193,137,33,8,15,121,68,15.3,8.6,0.268,0.399,0.33,0.729,0.269,0.384,0.32,0.32,0.333,0.115,0.342,0.342,88.2,8.9,33,2.8
Lester,Jon,452657,2015,31,32,205,828,764,183,119,42,6,16,207,47,25,5.7,0.24,0.373,0.286,0.659,0.222,0.337,0.289,0.272,0.272,0.116,0.357,0.333,87.1,9.5,31.3,4.4
Kennedy,Ian,453178,2015,31,30,168.1,713,644,166,85,39,11,31,174,52,24.4,7.3,0.258,0.497,0.316,0.812,0.246,0.431,0.347,0.321,0.308,0.185,0.435,0.397,89.5,14.7,35.6,8.3
Scherzer,Max,453286,2015,31,33,228.2,899,847,176,106,40,3,27,276,34,30.7,3.8,0.208,0.358,0.239,0.597,0.2,0.335,0.259,0.25,0.235,0.136,0.356,0.342,87.1,17.1,33.2,5.8
Arrieta,Jake,453562,2015,29,33,229,870,811,150,104,32,4,10,236,48,27.1,5.5,0.185,0.271,0.234,0.506,0.199,0.276,0.225,0.237,0.248,0.077,0.276,0.293,85.1,4.4,27.6,2.2
Price,David,456034,2015,30,32,220.1,888,826,190,129,40,4,17,225,47,25.3,5.3,0.23,0.35,0.27,0.62,0.226,0.349,0.27,0.275,0.271,0.123,0.337,0.344,87.4,12.7,34.1,4.6
Cueto,Johnny,456501,2015,29,32,212,866,803,194,124,44,5,21,176,46,20.3,5.3,0.242,0.387,0.286,0.674,0.234,0.375,0.294,0.289,0.282,0.141,0.342,0.336,86.7,13.2,31.9,4.9
Happ,J.A.,457918,2015,33,32,172,717,668,173,118,38,1,16,151,45,21.1,6.3,0.259,0.391,0.307,0.698,0.25,0.38,0.304,0.299,0.299,0.131,0.36,0.353,89.4,12.9,34.9,4.6
Lynn,Lance,458681,2015,28,31,175.1,751,667,172,122,33,4,13,167,68,22.2,9.1,0.258,0.378,0.326,0.704,0.224,0.356,0.311,0.291,0.3,0.132,0.363,0.334,88.9,11.9,29,4.9
Pelfrey,Mike,460059,2015,31,30,164.2,714,651,198,150,36,1,11,86,45,12,6.3,0.304,0.413,0.357,0.77,0.289,0.426,0.339,0.342,0.346,0.137,0.355,0.359,88.3,7,33.1,4.6
Gonzalez,Gio,461829,2015,30,31,175.2,758,673,181,134,31,8,8,169,69,22.3,9.1,0.269,0.374,0.335,0.71,0.234,0.36,0.312,0.297,0.307,0.125,0.363,0.341,88.1,6.4,28.9,4.8
Estrada,Marco,462136,2015,32,34,181,725,659,134,81,24,5,24,131,55,18.1,7.6,0.203,0.364,0.268,0.632,0.216,0.369,0.276,0.286,0.281,0.153,0.3,0.313,87.8,20.4,31,5.3
Carrasco,Carlos,471911,2015,28,30,183.2,730,675,154,100,31,5,18,216,43,29.6,5.9,0.228,0.369,0.277,0.646,0.207,0.32,0.281,0.258,0.259,0.113,0.37,0.336,88.7,6.9,28.8,4.5
Anderson,Brett,474463,2015,27,31,180.1,750,697,194,147,26,3,18,116,46,15.5,6.1,0.278,0.402,0.323,0.724,0.237,0.363,0.316,0.288,0.286,0.126,0.35,0.314,88.3,-2.1,24.9,4.1
Ross,Tyson,475115,2015,28,33,196,823,725,172,129,28,6,9,212,84,25.8,10.2,0.237,0.33,0.321,0.65,0.211,0.302,0.292,0.275,0.299,0.091,0.343,0.317,87.4,1.9,25,3.3
Niese,Jonathon,477003,2015,29,33,176.2,770,686,192,136,33,3,20,113,55,14.7,7.1,0.28,0.424,0.332,0.757,0.259,0.39,0.333,0.315,0.321,0.131,0.359,0.337,88.4,5.2,29.8,4.4
Kershaw,Clayton,477132,2015,27,33,232.2,890,839,163,120,26,2,15,301,42,33.8,4.7,0.194,0.284,0.236,0.52,0.187,0.268,0.231,0.224,0.231,0.081,0.321,0.31,85.6,8.8,29,3.3
Cashner,Andrew,488768,2015,29,31,184.2,804,718,200,135,40,6,19,165,66,20.5,8.2,0.279,0.43,0.338,0.769,0.239,0.369,0.335,0.302,0.308,0.129,0.39,0.342,88.8,9.2,30.5,5.1
Miley,Wade,489119,2015,29,32,193.2,831,758,201,127,51,6,17,147,64,17.7,7.7,0.265,0.416,0.324,0.739,0.249,0.386,0.323,0.308,0.31,0.137,0.36,0.34,87.4,7.9,33.8,4.5
Quintana,Jose,500779,2015,26,32,206.1,862,802,218,148,47,7,16,177,44,20.5,5.1,0.272,0.408,0.313,0.721,0.255,0.386,0.312,0.3,0.299,0.131,0.371,0.355,88.2,9.8,33,4.3
Tillman,Chris,501957,2015,27,31,173,741,660,176,111,42,3,20,120,64,16.2,8.6,0.267,0.43,0.331,0.761,0.253,0.405,0.331,0.322,0.322,0.152,0.359,0.347,89.6,12.9,30.1,5.1
Archer,Chris,502042,2015,27,34,212,868,795,175,125,31,0,19,252,66,29,7.6,0.22,0.331,0.281,0.612,0.221,0.344,0.272,0.279,0.283,0.123,0.345,0.357,89.6,10.9,30.9,4.6
Gibson,Kyle,502043,2015,28,32,194.2,821,737,186,127,41,0,18,145,65,17.7,7.9,0.252,0.381,0.314,0.696,0.249,0.385,0.304,0.308,0.314,0.136,0.335,0.34,88.3,6.2,29,5
Locke,Jeff,502046,2015,28,30,168.1,736,654,179,130,32,2,15,129,60,17.5,8.2,0.274,0.398,0.334,0.732,0.248,0.364,0.321,0.303,0.316,0.116,0.354,0.331,87.4,6.1,30.6,3.5
Samardzija,Jeff,502188,2015,30,32,214,910,836,228,150,40,9,29,163,49,17.9,5.4,0.273,0.446,0.318,0.764,0.254,0.398,0.33,0.312,0.304,0.144,0.376,0.352,88.1,14.5,34.7,5.1
Leake,Mike,502190,2015,28,30,192,778,717,174,113,36,3,22,119,49,15.3,6.3,0.243,0.393,0.29,0.684,0.264,0.418,0.296,0.319,0.313,0.154,0.324,0.354,88.8,6.9,31,5.4
Santiago,Hector,502327,2015,28,33,180.2,776,687,156,87,37,3,29,162,71,20.9,9.1,0.227,0.416,0.305,0.722,0.223,0.405,0.313,0.31,0.304,0.182,0.355,0.351,88.9,22.4,32.6,7.9
Salazar,Danny,517593,2015,25,30,185,757,690,156,98,28,7,23,195,53,25.8,7,0.226,0.387,0.285,0.672,0.233,0.388,0.293,0.302,0.294,0.155,0.361,0.374,89.6,11.4,32.1,6.4
Bumgarner,Madison,518516,2015,26,32,218.1,869,814,181,125,30,5,21,234,39,26.9,4.5,0.222,0.349,0.261,0.61,0.216,0.338,0.266,0.263,0.258,0.123,0.341,0.337,87.5,12.5,31.1,4.8
Harvey,Matt,518774,2015,26,29,189.1,755,703,156,109,26,3,18,188,37,24.9,4.9,0.222,0.344,0.262,0.606,0.195,0.297,0.266,0.239,0.24,0.102,0.33,0.291,87.8,10.6,27.9,3.4
Heston,Chris,518790,2015,27,31,177.2,746,667,169,111,36,6,16,141,64,18.9,8.6,0.253,0.397,0.33,0.727,0.246,0.39,0.32,0.318,0.324,0.143,0.353,0.351,88.5,5.9,29.4,4.9
Nelson,Jimmy,519076,2015,26,30,177.1,752,663,163,111,32,2,18,148,65,19.7,8.6,0.246,0.382,0.32,0.702,0.223,0.347,0.309,0.295,0.305,0.124,0.342,0.322,86.9,7.2,29.3,4.8
Porcello,Rick,519144,2015,27,28,172,737,682,196,134,35,2,25,149,38,20.2,5.2,0.287,0.455,0.331,0.786,0.263,0.425,0.34,0.323,0.311,0.162,0.403,0.38,88.9,9.2,36.9,5.6
Sale,Chris,519242,2015,26,31,208.2,854,794,185,127,32,3,23,274,42,32.1,4.9,0.233,0.368,0.281,0.649,0.205,0.315,0.285,0.255,0.256,0.11,0.391,0.343,85.9,12.9,32.6,4
Zimmermann,Jordan,519455,2015,29,33,201.2,831,774,204,153,25,2,24,164,39,19.7,4.7,0.264,0.394,0.302,0.696,0.246,0.384,0.304,0.295,0.289,0.138,0.358,0.345,87.3,12.5,32.4,3.7
De La Rosa,Rubby,523989,2015,26,32,188.2,809,729,193,118,42,1,32,150,63,18.5,7.8,0.265,0.457,0.321,0.778,0.246,0.394,0.336,0.31,0.308,0.148,0.384,0.348,88.5,9.4,28.9,6.1
Teheran,Julio,527054,2015,24,33,200.2,843,748,189,127,32,3,27,171,73,20.3,8.7,0.253,0.412,0.321,0.733,0.261,0.419,0.322,0.332,0.334,0.157,0.367,0.381,89.1,13.9,33.9,5.3
Ramirez,Erasmo,541640,2015,25,34,163.1,666,614,145,100,28,1,16,126,40,18.9,6,0.236,0.363,0.291,0.654,0.245,0.374,0.289,0.3,0.3,0.129,0.323,0.338,88.5,10.2,28.2,4.9
Cole,Gerrit,543037,2015,25,32,208,832,765,183,136,31,5,11,202,44,24.3,5.3,0.239,0.336,0.285,0.621,0.239,0.367,0.274,0.291,0.289,0.128,0.333,0.357,88.2,8.7,34.7,4.3
DeSclafani,Anthony,543101,2015,25,31,184.2,785,710,194,131,43,3,17,151,55,19.2,7,0.273,0.414,0.324,0.738,0.245,0.38,0.321,0.301,0.303,0.135,0.371,0.344,88.5,11.8,31.7,4.9
Gray,Sonny,543243,2015,26,31,208,831,765,166,125,23,1,17,169,59,20.3,7.1,0.217,0.316,0.273,0.59,0.234,0.361,0.262,0.289,0.29,0.127,0.293,0.33,88.9,7.7,27.6,4.5
Hendricks,Kyle,543294,2015,26,32,180,739,681,166,110,36,3,17,167,43,22.6,5.8,0.244,0.38,0.294,0.674,0.242,0.358,0.296,0.291,0.295,0.116,0.354,0.347,88,7.1,31.7,3.7
Koehler,Tom,543408,2015,29,32,187.1,800,706,180,119,36,3,22,137,77,17.1,9.6,0.255,0.408,0.329,0.737,0.244,0.405,0.323,0.32,0.322,0.161,0.349,0.345,89.7,11,29.1,5.7
McHugh,Collin,543521,2015,28,32,203.2,859,788,207,147,39,2,19,171,53,19.9,6.2,0.263,0.39,0.313,0.703,0.232,0.351,0.308,0.285,0.288,0.119,0.356,0.325,86.1,12.1,31.9,3.5
Odorizzi,Jake,543606,2015,25,28,169.1,700,644,149,87,36,8,18,150,46,21.4,6.6,0.231,0.396,0.283,0.679,0.24,0.413,0.295,0.31,0.293,0.173,0.346,0.366,88.5,14.8,33.1,6.2
Bauer,Trevor,545333,2015,24,31,176,744,655,152,96,29,4,23,170,79,22.8,10.6,0.232,0.394,0.317,0.711,0.225,0.369,0.314,0.305,0.312,0.145,0.36,0.345,88.1,15.9,31.8,5.9
Ventura,Yordano,570649,2015,24,28,163.1,693,621,154,107,27,6,14,156,58,22.5,8.4,0.248,0.378,0.319,0.697,0.228,0.364,0.307,0.3,0.303,0.136,0.355,0.344,89.1,5.4,30.6,5.3
Fiers,Mike,571666,2015,30,31,180.1,761,680,162,102,29,7,24,180,64,23.7,8.4,0.238,0.407,0.305,0.712,0.223,0.375,0.308,0.294,0.293,0.152,0.368,0.347,87.9,15.7,34.6,5.9
Miller,Shelby,571946,2015,25,33,205.1,860,769,183,124,41,5,13,171,73,19.9,8.5,0.238,0.355,0.305,0.66,0.22,0.329,0.29,0.277,0.292,0.109,0.325,0.307,87.1,10.3,26.6,3.6
Richards,Garrett,572070,2015,27,32,207.1,865,768,181,126,35,0,20,176,76,20.3,8.8,0.236,0.359,0.303,0.662,0.224,0.35,0.293,0.292,0.297,0.126,0.326,0.325,87.3,5.3,27.3,4.9
Keuchel,Dallas,572971,2015,27,33,232,911,854,185,138,28,2,17,216,51,23.7,5.6,0.217,0.314,0.261,0.575,0.222,0.315,0.254,0.262,0.267,0.094,0.304,0.315,85.7,1.1,25.2,3.3
Walker,Taijuan,592836,2015,23,29,169.2,706,648,163,107,31,0,25,157,40,22.2,5.7,0.252,0.415,0.3,0.715,0.248,0.423,0.311,0.315,0.298,0.175,0.373,0.379,89.4,13.9,35,7.6
Martinez,Carlos,593372,2015,24,31,179.2,755,671,168,120,31,4,13,184,63,24.4,8.3,0.25,0.367,0.317,0.683,0.224,0.336,0.302,0.284,0.297,0.113,0.362,0.336,87.2,5.8,28.2,4.6
deGrom,Jacob,594798,2015,27,30,191,751,694,149,109,24,0,16,205,38,27.3,5.1,0.215,0.318,0.252,0.57,0.209,0.315,0.251,0.254,0.253,0.106,0.321,0.326,87.4,12,30.2,4
Wacha,Michael,608379,2015,24,30,181.1,762,687,162,109,31,3,19,153,58,20.1,7.6,0.236,0.373,0.297,0.669,0.231,0.359,0.294,0.291,0.296,0.128,0.333,0.329,87.6,10.4,28.8,4.8
Chen,Wei-Yin,612672,2015,30,31,191.1,792,733,192,110,50,4,28,153,41,19.3,5.2,0.262,0.456,0.301,0.756,0.241,0.392,0.325,0.298,0.286,0.151,0.381,0.345,87.2,15.1,30.2,5.9
Wood,Alex,622072,2015,24,32,189.2,801,720,198,149,29,5,15,139,59,17.4,7.4,0.275,0.392,0.326,0.718,0.263,0.394,0.316,0.316,0.321,0.131,0.354,0.353,88.2,8,31.9,4.3
Wainwright,Adam,425794,2019,38,31,171.2,745,662,181,118,38,3,22,153,64,20.5,8.6,0.273,0.44,0.34,0.779,0.258,0.418,0.33,0.321,0.33,0.161,0.382,0.37,88.9,10.2,32.1,6.5
Greinke,Zack,425844,2019,36,33,208.2,810,767,175,115,37,2,21,187,30,23.1,3.7,0.228,0.364,0.258,0.622,0.238,0.389,0.263,0.281,0.27,0.151,0.323,0.348,87.5,11,34.1,6.3
Verlander,Justin,434378,2019,36,34,223,847,796,137,66,28,7,36,300,42,35.4,5,0.172,0.361,0.218,0.579,0.18,0.336,0.243,0.241,0.226,0.156,0.345,0.342,87.3,18.4,30.3,7.2
Sanchez,Anibal,434671,2019,35,30,166,712,647,153,90,38,3,22,134,58,18.8,8.1,0.236,0.406,0.302,0.708,0.249,0.418,0.296,0.31,0.314,0.169,0.334,0.353,87,14.7,37.8,6.6
Morton,Charlie,450203,2019,36,33,194.2,790,717,154,100,33,6,15,240,57,30.4,7.2,0.215,0.34,0.282,0.623,0.216,0.337,0.27,0.274,0.285,0.12,0.345,0.351,86.9,9.2,34.3,5
Lester,Jon,452657,2019,35,31,171.2,764,698,205,139,35,5,26,165,52,21.6,6.8,0.294,0.47,0.343,0.813,0.273,0.454,0.344,0.335,0.328,0.181,0.413,0.4,88.6,12.2,37.1,7.4
Scherzer,Max,453286,2019,35,27,172.1,693,650,144,83,43,0,18,243,33,35.1,4.8,0.222,0.371,0.266,0.636,0.203,0.336,0.269,0.253,0.25,0.133,0.39,0.363,87.6,13.5,35.2,6.6
Bailey,Homer,456701,2019,33,31,163.1,696,632,162,114,24,3,21,149,53,21.4,7.6,0.256,0.403,0.315,0.718,0.252,0.402,0.307,0.309,0.312,0.151,0.356,0.359,90.4,14,30.4,5.7
Lynn,Lance,458681,2019,32,33,208.1,875,801,195,126,42,6,21,246,59,28.1,6.7,0.243,0.39,0.299,0.689,0.218,0.364,0.294,0.278,0.277,0.146,0.375,0.35,87.9,13.8,34,5.9
Nova,Ivan,467100,2019,32,34,187,806,743,225,151,44,0,30,114,47,14.1,5.8,0.303,0.483,0.349,0.832,0.286,0.461,0.351,0.342,0.336,0.176,0.384,0.373,88.8,11,34,7.1
Anderson,Brett,474463,2019,31,31,176,743,682,181,126,33,2,20,90,49,12.1,6.6,0.265,0.408,0.315,0.723,0.282,0.477,0.308,0.346,0.334,0.196,0.321,0.368,89.6,5,30.5,7.3
Kershaw,Clayton,477132,2019,31,29,178.1,706,654,145,91,23,3,28,189,41,26.8,5.8,0.222,0.394,0.266,0.661,0.221,0.378,0.28,0.278,0.269,0.156,0.356,0.353,88.7,11.8,30.1,6.6
Miley,Wade,489119,2019,33,33,167.1,720,646,164,114,25,2,23,140,61,19.4,8.5,0.254,0.406,0.319,0.725,0.237,0.373,0.311,0.298,0.307,0.136,0.347,0.329,87.5,8.3,29.2,4.5
Quintana,Jose,500779,2019,30,32,171,745,678,191,126,43,2,20,152,46,20.4,6.2,0.282,0.44,0.321,0.76,0.265,0.421,0.321,0.317,0.313,0.156,0.378,0.373,90,11.1,34.7,5.7
Minor,Mike,501985,2019,32,32,208.1,863,779,190,132,28,0,30,200,68,23.2,7.9,0.244,0.395,0.307,0.702,0.228,0.389,0.301,0.297,0.296,0.161,0.354,0.349,86.9,16.5,31.6,7
Samardzija,Jeff,502188,2019,34,32,181.1,740,677,152,91,24,9,28,140,49,18.9,6.6,0.225,0.411,0.28,0.69,0.253,0.465,0.289,0.326,0.308,0.213,0.326,0.375,89.5,16.9,34.5,8.3
Leake,Mike,502190,2019,32,32,197,835,793,227,138,45,3,41,127,27,15.2,3.2,0.286,0.506,0.316,0.822,0.293,0.517,0.341,0.353,0.324,0.224,0.387,0.402,90.7,11.6,31.4,8.8
Darvish,Yu,506433,2019,33,31,178.2,731,657,140,80,23,4,33,229,56,31.3,7.7,0.213,0.411,0.283,0.694,0.223,0.398,0.294,0.298,0.294,0.175,0.388,0.395,88.6,12.6,32.6,7.4
Bumgarner,Madison,518516,2019,30,34,207.2,844,780,191,115,41,5,30,203,43,24.1,5.1,0.245,0.426,0.289,0.715,0.254,0.458,0.3,0.32,0.3,0.205,0.371,0.399,90.4,18.3,35.9,9
Kelly,Merrill,518876,2019,31,32,183.1,777,709,184,113,38,4,29,158,57,20.3,7.3,0.26,0.447,0.313,0.76,0.271,0.493,0.318,0.344,0.326,0.222,0.372,0.408,89.9,12.4,33.2,9.5
Porcello,Rick,519144,2019,31,32,174.1,768,712,198,119,43,5,31,143,45,18.6,5.9,0.278,0.483,0.324,0.807,0.259,0.473,0.338,0.328,0.308,0.215,0.392,0.379,88.4,15.7,34,9.4
Perez,Martin,527048,2019,28,32,165.1,737,659,184,125,36,0,23,135,67,18.3,9.1,0.279,0.439,0.345,0.783,0.244,0.384,0.334,0.305,0.316,0.14,0.373,0.333,86.2,9.5,33.8,5.3
Teheran,Julio,527054,2019,28,33,174.2,754,645,148,91,33,2,22,162,83,21.5,11,0.229,0.389,0.325,0.714,0.24,0.415,0.31,0.327,0.338,0.175,0.338,0.364,89,15.5,31.2,6.9
Cole,Gerrit,543037,2019,29,33,212.1,817,762,142,82,30,1,29,326,48,39.9,5.9,0.186,0.343,0.236,0.579,0.18,0.315,0.246,0.237,0.231,0.134,0.377,0.36,87.6,14,33.2,5.9
DeSclafani,Anthony,543101,2019,29,31,166.2,696,635,151,93,28,1,29,167,49,24,7,0.238,0.422,0.293,0.715,0.228,0.392,0.3,0.291,0.288,0.164,0.367,0.353,89.1,12.3,33.4,7.1
Gray,Sonny,543243,2019,30,31,175.1,708,622,122,80,21,4,17,205,68,29,9.6,0.196,0.325,0.278,0.603,0.203,0.341,0.265,0.278,0.288,0.139,0.318,0.34,88.1,9.1,30.1,6.5
Hendricks,Kyle,543294,2019,30,30,177,730,675,168,108,39,2,19,150,32,20.5,4.4,0.249,0.397,0.286,0.683,0.245,0.389,0.29,0.291,0.287,0.144,0.342,0.343,86.5,14.2,33.6,5.4
Roark,Tanner,543699,2019,33,31,165.1,722,655,180,113,36,3,28,158,51,21.9,7.1,0.275,0.467,0.338,0.805,0.261,0.452,0.34,0.332,0.327,0.191,0.403,0.391,89,15.5,37.1,8.4
Strasburg,Stephen,544931,2019,31,33,209,841,768,161,107,25,5,24,251,56,29.8,6.7,0.21,0.349,0.27,0.619,0.21,0.336,0.265,0.266,0.273,0.126,0.341,0.343,87.9,7.8,29.8,6.1
Bauer,Trevor,545333,2019,28,34,213,911,800,184,100,43,7,34,253,82,27.8,9,0.23,0.429,0.313,0.742,0.224,0.403,0.316,0.311,0.31,0.179,0.391,0.382,88.7,16.4,33.9,8.6
Tanaka,Masahiro,547888,2019,31,32,182,759,713,186,111,43,4,28,149,40,19.6,5.3,0.261,0.45,0.3,0.751,0.258,0.426,0.314,0.311,0.299,0.169,0.368,0.364,89,11,32.6,6
Ryu,Hyun Jin,547943,2019,32,29,182.2,723,685,160,108,35,0,17,163,24,22.5,3.3,0.234,0.359,0.26,0.619,0.247,0.368,0.263,0.279,0.277,0.12,0.323,0.345,86.6,7.2,32.5,4.7
Wheeler,Zack,554430,2019,29,31,195.1,828,760,196,140,33,1,22,195,50,23.6,6,0.258,0.391,0.3,0.69,0.245,0.393,0.294,0.297,0.296,0.148,0.36,0.365,87,12.3,34.5,5.3
Boyd,Matthew,571510,2019,28,32,185.1,788,721,178,101,36,2,39,238,50,30.2,6.3,0.247,0.465,0.299,0.764,0.218,0.402,0.32,0.291,0.276,0.184,0.432,0.385,89.2,19.5,32.2,8.8
Corbin,Patrick,571578,2019,30,33,202,835,746,169,107,37,1,24,238,70,28.5,8.4,0.227,0.375,0.29,0.665,0.227,0.413,0.285,0.303,0.295,0.186,0.361,0.389,89.9,8.4,31.7,9.4
Fiers,Mike,571666,2019,34,33,184.2,754,683,166,115,19,2,30,126,53,16.7,7,0.243,0.408,0.302,0.711,0.244,0.434,0.303,0.317,0.306,0.19,0.328,0.347,88,15.6,30.2,7.1
Mikolas,Miles,571945,2019,31,32,184,764,710,193,127,33,6,27,144,32,18.8,4.2,0.272,0.449,0.31,0.76,0.271,0.443,0.319,0.323,0.313,0.172,0.37,0.376,88.5,10.2,33.3,6.3
Stroman,Marcus,573186,2019,28,32,184.1,774,711,183,131,32,2,18,159,58,20.5,7.5,0.257,0.384,0.313,0.697,0.24,0.367,0.299,0.29,0.298,0.127,0.344,0.331,88.2,5.6,27.2,4.1
Ray,Robbie,592662,2019,28,33,174.1,747,642,150,82,33,5,30,235,84,31.5,11.2,0.234,0.441,0.32,0.761,0.227,0.426,0.322,0.32,0.322,0.199,0.431,0.428,88.9,14.8,38.9,10.7
Syndergaard,Noah,592789,2019,27,32,197.2,825,758,194,129,37,4,24,202,50,24.5,6.1,0.256,0.41,0.303,0.713,0.23,0.365,0.301,0.28,0.281,0.135,0.372,0.341,86.8,9.8,29.8,4.9
Rodriguez,Eduardo,593958,2019,26,34,203.1,859,770,195,139,30,2,24,213,75,24.8,8.7,0.253,0.391,0.322,0.713,0.212,0.359,0.307,0.282,0.287,0.146,0.368,0.33,86.4,9.2,30,5.7
deGrom,Jacob,594798,2019,31,32,204,804,745,154,106,28,1,19,255,44,31.7,5.5,0.207,0.323,0.255,0.578,0.189,0.299,0.25,0.236,0.24,0.11,0.334,0.312,86.6,13.5,30.3,4.6
Gonzales,Marco,594835,2019,27,34,203,866,794,210,134,50,3,23,147,56,17,6.5,0.264,0.422,0.314,0.736,0.247,0.396,0.311,0.302,0.303,0.149,0.345,0.334,88.3,14.7,31.5,4.9
Junis,Jakob,596001,2019,27,31,175.1,771,696,192,122,37,2,31,164,58,21.3,7.5,0.276,0.468,0.339,0.807,0.27,0.479,0.34,0.345,0.334,0.209,0.399,0.406,90.1,12.7,35.4,8.6
Musgrove,Joe,605397,2019,27,32,170.1,718,662,168,94,48,5,21,157,39,21.9,5.4,0.254,0.437,0.301,0.737,0.249,0.423,0.309,0.307,0.298,0.174,0.369,0.365,88.9,11.7,31.6,6.4
Nola,Aaron,605400,2019,26,34,202.1,852,755,176,112,34,3,27,229,80,26.9,9.4,0.233,0.393,0.313,0.707,0.235,0.394,0.304,0.31,0.317,0.159,0.371,0.38,89.2,9.2,32.9,6.8
Fried,Max,608331,2019,25,33,165.2,702,644,174,120,33,0,21,173,47,24.6,6.7,0.27,0.419,0.322,0.741,0.247,0.381,0.315,0.297,0.303,0.135,0.392,0.365,89.2,4.3,32.6,4.6
Giolito,Lucas,608337,2019,25,29,176.2,705,640,131,75,28,4,24,228,57,32.3,8.1,0.205,0.373,0.272,0.646,0.214,0.369,0.275,0.283,0.283,0.155,0.366,0.38,88.1,17.7,37.5,9.4
Marquez,German,608566,2019,24,28,174,721,671,174,114,27,4,29,175,35,24.3,4.9,0.259,0.441,0.297,0.738,0.269,0.458,0.311,0.327,0.31,0.189,0.389,0.412,91.1,7.2,34.4,7.9
Eflin,Zach,621107,2019,25,32,163.1,705,642,172,110,34,0,28,129,48,18.3,6.8,0.268,0.452,0.321,0.772,0.234,0.399,0.325,0.295,0.293,0.165,0.371,0.331,88.3,12.6,29.1,6.9
Buehler,Walker,621111,2019,25,30,182.1,737,685,153,99,29,5,20,215,37,29.2,5,0.223,0.368,0.267,0.635,0.227,0.368,0.27,0.277,0.273,0.141,0.353,0.363,89.3,12.8,34.5,5.4
Berrios,Jose,621244,2019,25,32,200.1,842,774,194,130,35,3,26,195,51,23.2,6.1,0.251,0.404,0.302,0.706,0.245,0.416,0.3,0.304,0.297,0.172,0.36,0.366,87,13.9,34.2,6.5
Castillo,Luis,622491,2019,27,32,190.2,781,688,139,87,29,1,22,226,79,28.9,10.1,0.202,0.343,0.288,0.631,0.201,0.322,0.277,0.273,0.289,0.121,0.335,0.329,87.2,5.8,26.2,5.1
Lopez,Reynaldo,625643,2019,25,33,184,809,729,203,121,44,3,35,169,65,20.9,8,0.278,0.491,0.341,0.832,0.259,0.469,0.349,0.338,0.326,0.21,0.409,0.393,88.8,17.7,36.3,7.6
Hudson,Dakota,641712,2019,25,33,174.2,757,652,160,101,37,0,22,136,86,18,11.4,0.245,0.403,0.337,0.74,0.263,0.422,0.316,0.337,0.355,0.159,0.336,0.365,89.3,3.3,31.4,6.8
Keller,Brad,641745,2019,24,28,165.1,709,624,154,110,19,10,15,122,70,17.2,9.9,0.247,0.381,0.329,0.71,0.257,0.414,0.307,0.328,0.34,0.157,0.322,0.352,89.1,9.1,32.5,5.9
Alcantara,Sandy,645261,2019,24,32,197.1,838,743,179,111,43,2,23,151,81,18,9.7,0.241,0.397,0.32,0.717,0.243,0.423,0.308,0.321,0.324,0.18,0.331,0.35,87.3,11.8,29.9,6.5
Soroka,Mike,647336,2019,22,29,174.2,701,647,153,116,21,2,14,142,41,20.3,5.8,0.236,0.34,0.287,0.627,0.255,0.387,0.272,0.303,0.307,0.132,0.309,0.351,88.2,6.7,32.4,5.1
Flaherty,Jack,656427,2019,24,33,196.1,772,704,135,85,24,1,25,231,55,29.9,7.1,0.192,0.335,0.255,0.59,0.206,0.348,0.254,0.269,0.27,0.142,0.322,0.345,86.5,15.2,31.7,6.5
Lucchesi,Joey,664192,2019,26,30,163.2,686,619,144,86,32,3,23,158,56,23,8.2,0.233,0.405,0.294,0.7,0.227,0.393,0.298,0.298,0.294,0.166,0.35,0.349,88.3,11.4,30.9,7.4
Bieber,Shane,669456,2019,24,34,214.1,859,810,186,117,37,1,31,259,40,30.2,4.7,0.23,0.393,0.27,0.663,0.231,0.411,0.28,0.29,0.272,0.18,0.378,0.393,90.6,12.6,32.5,8.5