No,Date,FNK15,FNK25,N20I,N25I,NASI,ZKEQTK,ZKEQTU,ABSA,ARM,BAMB,BAT,BKG,BOC,BRIT,CABL,CARB,CGEN,CIC,COOP,CRWN,CTUM,DCON,DTK,EABL,EGAD,EQTY,EVRD,FAHR,FTGH,GLD,HAFR,HFCK,IMH,JUB,KAPC,KCB,KEGN,KNRE,KPLC,KPLC-P4,KPLC-P7,KQ,KUKZ,KURV,LBTY,LIMT,LKL,NBK,NBV,NCBA,NMG,NSE,OCH,ORCH,PORT,SASN,SBIC,SCAN,SCBK,SCOM,SGL,SLAM,SMER,TCL,TOTL,TPSE,UCHM,UMME,UNGA,WTK,XPRS
1,1/4/21,177.94,197.7,1872.42,3410.11,152.04,1781.47,1403.33,9.52,5.55,39.95,361,20.5,63,7,1.4,12.1,22,2.11,12.55,38,16.45,0.45,76.75,154,12.5,36.25,1.27,5.84,1.23,1975,0.42,3.14,44.85,275.75,78,38.4,4.67,2.31,1.71,5,6,3.83,365,1500,7.7,360,4.87,4.12,4.65,26.6,15.3,8.3,2.2,10.5,11,19.5,85,6,144.5,34.25,22.5,13,3.25,1.48,24,16,0.28,7.3,31.8,129.75,3.61
2,1/5/21,177.98,198.26,1877.89,3412.13,152.49,1785.74,1405.41,9.44,5.55,38.2,385,20.5,63,7.12,1.45,12.25,22.5,2.16,12.5,38,17.1,0.45,76.25,155,12.5,36.05,1.23,5.68,1.25,1975,0.41,3.3,43.5,285,78,38.5,4.76,2.33,1.71,5,6,3.83,365,1500,7.5,360,4.75,4.12,4.48,25.75,15.1,8.4,2.2,10.5,11,19.5,85,6,144.5,34.4,22.5,13,3.25,1.5,24.4,16,0.28,7.28,31.8,130,3.61
3,1/6/21,178.29,199.7,1869.26,3428.83,153.82,1790.36,1407.76,9.44,5.55,38.5,385,20.5,63,7,1.45,12.15,24,2.12,12.6,38,17.05,0.45,76.75,155.5,12.5,36,1.18,6.22,1.33,1975,0.4,3.38,45,290,78,38.5,4.55,2.39,1.71,5,6,3.83,365,1500,7.4,360,4.71,4.12,4.65,25.05,15.45,8.38,2.06,10.5,11,18.95,80.25,5.96,141.25,35,21,12,3.44,1.51,24.4,16,0.3,7.28,31.8,128.25,3.51
4,1/7/21,178.63,199.69,1879.92,3438.04,153.94,1792.93,1409.14,9.4,5.55,38.5,390,20.5,63,7.26,1.31,12.3,24,2.15,12.85,38,17.25,0.45,76.75,158,13.5,36,1.19,6.24,1.3,1975,0.38,3.33,45.5,290,78,38,4.52,2.41,1.73,5,6,3.83,365,1500,7.7,360,4.71,4.12,4.55,25.55,15.4,8.38,2.06,10.5,10.8,18.95,80.25,6.06,139.75,34.95,22.5,12,3.57,1.5,24.05,16,0.28,7.32,31.8,128,3.54
5,1/11/21,178.69,199.7,1892.39,3436.08,153.92,1790.11,1406.92,9.46,5.55,40,390,19,63,7.08,1.35,12.35,24,2.11,13.1,40,17.55,0.45,77,154.5,13.5,36,1.2,6.46,1.37,1975,0.4,3.36,45,291.5,78,38,4.63,2.5,1.77,5,6,3.83,365,1500,7.88,360,4.75,4.12,4.3,25.75,15.1,8.24,2.27,10.5,10.25,19.85,80.25,6.3,140,34.95,22.5,12.5,3.67,1.42,24,16.9,0.3,7.28,31.8,130,3.62
6,1/12/21,178.75,199.64,1902.22,3437.23,153.88,1789.01,1404.14,9.5,5.55,40,388.75,19,62.75,7.14,1.4,12.3,24,2.1,13.15,40,17.65,0.45,77.5,154,13.5,36.1,1.19,6.28,1.32,1975,0.4,3.4,45.9,291.75,80,37.95,4.64,2.68,1.77,5,6,3.83,365,1500,7.9,360,4.8,4.12,4.57,25.5,15.15,8.48,2.4,10.5,10.25,19.8,79.25,6.3,140,34.9,22.5,12,3.8,1.45,24.5,17.35,0.27,7.28,31.8,130,3.61
7,1/13/21,179.16,200.34,1910.64,3445.93,154.53,1792.56,1403.08,9.42,5.55,41.35,385.75,20.5,57.25,7.32,1.36,12.6,24,2.12,13.05,40,17.6,0.45,77.5,152.5,13.5,36.7,1.15,6.42,1.37,1975,0.38,3.54,46,290,80,37.9,4.68,2.7,1.75,5,6,3.83,365,1500,7.88,360,4.87,4.12,4.38,25.5,15.75,8.5,2.4,10.5,10.25,18.8,79.25,6.3,140,35.1,22.5,13,3.67,1.45,23.95,17.35,0.27,7.28,31,130.5,3.6
8,1/14/21,179.87,203.74,1921.06,3498.61,158.26,1807.85,1415.7,9.4,5.55,43.9,390,20.5,62,7.46,1.4,12.1,24,2.13,12.95,39,18,0.45,77.25,151.25,13.5,36.95,1.09,6.32,1.37,1975,0.39,3.61,46,290,80,37.2,4.73,2.55,1.76,5,6,3.83,370,1500,7.86,360,4.83,4.12,4.56,25.35,15.55,8.14,2.26,10.5,10.25,19.55,87,6.3,140,36.5,22.5,13.2,3.45,1.44,23.9,16,0.26,7.2,31,130.5,3.6
9,1/15/21,179.7,203.72,1919.7,3489.64,158.19,1800.79,1408.24,9.5,5.55,45.1,389.5,20.5,60.75,7.46,1.39,12,24,2.15,12.9,39,17.4,0.45,77,151.25,13.5,36.9,1.19,6.14,1.37,1975,0.36,3.64,45.85,290,80,36.9,4.8,2.64,1.73,5,6,3.83,370,1500,8,360,4.53,4.12,4.5,25.5,15.5,8.5,2.39,10.4,10.25,17.8,80.5,6.3,139.75,36.55,22.5,13.2,3.16,1.36,23.9,17,0.24,7.2,32,133,3.31
10,1/18/21,178.88,202.75,1906.63,3479.81,157.56,1795.72,1404.28,9.5,5.55,45.15,390,20.5,60.75,7.1,1.37,12.05,24,2.14,13,39.5,17.1,0.45,77,151,13.5,36.7,1.19,6.32,1.35,1975,0.39,3.67,45.85,286.75,80,36.55,4.84,2.5,1.64,5,6,3.83,370,1500,7.2,360,4.9,4.12,4.51,25.5,15.45,8.5,2.38,10.4,10.25,17.95,84.75,6.26,139.75,36.35,22.3,13.2,3.16,1.34,23.7,17,0.25,7.2,32,130,3.6
11,1/19/21,178.01,202.25,1894.18,3463.15,157.16,1786.13,1395.51,9.5,5.55,44.85,394,18.5,60,7.32,1.39,12.15,23,2.13,12.95,40,17,0.45,76.5,151,13.85,36.55,1.17,6.18,1.37,1975,0.4,3.69,44,286.75,80,35.95,4.77,2.46,1.55,5,6,3.83,370,1500,7.32,360,4.89,4.12,4.66,25.5,15.6,8.52,2.39,10.4,10.25,17,80,6.28,139.75,36.4,22.3,13.95,2.95,1.42,24,17.45,0.27,7.2,29.55,130,3.73
12,1/20/21,177.75,200.73,1881.57,3444.3,155.64,1778.25,1389.36,9.5,5.55,42,394,18.5,60,7.48,1.35,12,23,2.13,12.85,39.35,17.15,0.45,75.25,150.25,13.85,37.25,1.09,6.06,1.37,1975,0.39,3.89,46,286.75,79.5,35.75,4.72,2.44,1.65,5,6,3.83,370,1500,7.32,360,4.54,4.12,4.69,25.5,15.5,8.5,2.39,10.4,10.25,17,74,6.14,139.5,35.85,22.3,13.2,2.95,1.34,24,17.45,0.25,7.2,29.55,130.5,3.73
13,1/21/21,177.61,199.54,1888.89,3425.1,154.17,1775.67,1392.4,9.48,5.55,45.3,392,18.5,60,7.36,1.34,11.9,24,2.15,12.85,38,16.9,0.45,72,150.25,13.85,37.15,1.03,6.2,1.35,1975,0.39,3.9,44.5,280.5,79.25,36.4,4.71,2.46,1.67,5,6,3.83,370,1500,7.4,360,4.5,4.12,4.71,25.45,15.5,8.5,2.39,10.4,10.25,17.35,77,6.34,139,35.3,22.5,13.2,3.16,1.44,23.3,17,0.27,6.5,29.55,130.5,3.73
14,1/22/21,177.03,199.85,1887.23,3432.28,154.84,1774.14,1388.67,9.46,5.55,46.05,397.75,18.5,58,7.52,1.36,11.9,24,2.15,12.6,38,16.35,0.45,73,150,13.85,37.2,1.03,6.3,1.37,1975,0.4,3.89,46,280,79,36,4.64,2.51,1.67,5,6,3.83,370,1500,7.42,360,4.64,4.12,4.73,25.4,15.05,8.5,2.39,10.4,11.25,17.05,77.75,6.3,138.75,35.55,22.5,14,3.16,1.44,23.5,16.05,0.27,7.14,29.55,132,3.73
15,1/25/21,177.22,201.9,1882.2,3455.98,157.07,1778.64,1390.93,9.36,5.55,46.35,400,18.5,58,7.5,1.38,11.45,24,2.14,12.65,40,15.7,0.45,73,149,13.85,36.85,1.04,6.22,1.35,1975,0.39,3.76,46.45,280,80,35.95,4.68,2.49,1.66,5,6,3.83,365,1500,7.48,360,4.35,4.12,4.87,25.35,15.05,8.46,2.39,10.4,11.25,17,77.75,6.22,139,36.45,21,13.8,3.16,1.34,25,15.6,0.28,7.4,32,130,3.75
16,1/26/21,177.33,202.26,1888.71,3461.61,157.45,1780.63,1392.48,9.34,5.55,46,400.25,18.5,58,7.4,1.34,11.5,24,2.11,12.7,40,16.05,0.45,75,148.25,13.85,36.75,1.07,6.18,1.37,1975,0.41,3.69,46.5,280,79,35.95,4.85,2.5,1.61,5,6,3.83,365,1500,7.44,360,4.35,4.12,5.14,25.3,15.05,8.4,2.39,10.4,11.25,17.05,79.75,6.3,139.75,36.55,20.55,13.5,3.17,1.44,25.6,14.85,0.28,7.4,32,137,3.75
17,1/27/21,176.96,201.76,1889.74,3450.04,156.95,1777.75,1389.35,9.1,5.55,45.85,405,18.5,58,7.42,1.31,11.55,24,2.14,12.65,40,17,0.45,75,148.5,13.85,36.75,1.05,6.18,1.35,1975,0.38,3.75,46.5,278.5,79,35.9,4.93,2.49,1.59,5,6,3.83,365,1500,7.44,360,4.36,4.12,5.28,24.75,15.15,8.4,2.4,10.4,11.25,17,79.75,6.28,139,36.4,20.55,13.5,3.17,1.43,24.1,15.6,0.28,7.12,32,137,3.75
18,1/28/21,177.05,201.37,1888.74,3445.65,156.56,1776.78,1388.84,9.14,5.55,45.7,406,18.5,58,7.46,1.4,11.75,22,2.13,12.6,40,17.05,0.45,75,150.75,13.85,36.5,1.05,6.18,1.36,1975,0.38,3.84,46.5,280,78,35.9,5.12,2.5,1.51,5,6,3.83,365,1500,7.5,360,4.77,4.12,5.62,24.75,14.75,8.4,2.31,10.4,10.2,17.85,79.75,6.4,138.5,36.2,20.5,13.5,3,1.43,23.8,15.6,0.28,7.04,32,137,3.71
19,1/29/21,176.68,200.26,1881.91,3434.52,155.59,1772.28,1385.33,9.32,5.55,42.05,406.25,18.5,58,7.46,1.4,12,22,2.07,12.6,40,17.05,0.45,76,149.75,13.85,36.5,1.04,6.2,1.28,1975,0.36,3.86,47,280,78,35.85,5.18,2.47,1.5,5,6,3.83,365,1500,7.5,360,4.71,4.12,5.58,24.75,14.9,8.44,2.4,10.4,10.2,17.85,80,6.3,138.5,35.85,20.5,13,3,1.39,23.8,15.65,0.28,6.66,32,137,3.7
20,2/1/21,176.54,198.51,1874.96,3412.05,153.78,1768.03,1382,9.04,5.55,41.95,408.5,18.5,58,7.5,1.39,11.75,22,2.1,12.5,40,16.9,0.45,70,152.25,13.85,37.2,1.03,6.2,1.28,1975,0.36,3.74,46.3,279.75,78,35.75,5.14,2.46,1.61,5,6,3.83,365,1500,7.5,360,4.69,4.12,5.66,24.75,14.55,8.4,2.2,10.4,10.2,17,80,6.3,139,35.15,20.5,12.6,2.99,1.34,23.6,15.65,0.29,6.96,31.15,135.75,3.7
21,2/2/21,177.29,199.86,1874.37,3429.89,154.84,1777.37,1391.2,8.9,5.55,42.05,415,18.5,58,7.5,1.41,11.75,22,2.1,12.55,38.45,16.9,0.45,70,154.75,13.85,37.25,1.11,6.1,1.35,1975,0.39,3.74,46.3,279.75,78,35.7,5.1,2.5,1.54,5,6,3.83,365,1500,7.48,360,4.7,4.12,5.44,24.9,14.7,8.44,2.4,10.4,10.2,16.65,79,6.3,137.25,35.55,19,11.75,2.9,1.34,23.6,16,0.29,6.7,32,136.25,3.9
22,2/3/21,178.75,202.85,1872.56,3459.86,157.22,1795.39,1406.58,9.18,5.55,41.3,414.75,19,58,7.52,1.4,12,22,2.13,12,40,16.85,0.45,70,156.75,13.85,37.2,1.09,6.04,1.36,1975,0.37,3.89,44.55,272.75,78,36.4,5.04,2.42,1.5,5,6,3.83,370,1500,7.48,360,4.68,4.12,5.66,25,14.05,9.1,2.35,10.4,10.3,17.3,79,6.24,137.75,36.45,19,12,2.9,1.32,23.3,16.5,0.28,6.7,32,136.75,3.83
23,2/4/21,179.89,204.38,1870.81,3481.9,158.33,1810.33,1419.58,9.1,5.55,40.25,415,19,58,7.5,1.41,12.1,22,2.14,12,40,17.25,0.45,69.75,162.75,13.85,37.2,1.1,6.04,1.36,1975,0.35,3.71,44.2,272.5,78,36.5,4.93,2.46,1.6,5,6,3.83,370,1500,7.48,360,4.6,4.12,5.22,24.3,13.35,8.98,2.35,10.4,10.3,16.5,79.25,6.18,136,36.85,18.5,12,2.9,1.3,23.5,15.5,0.28,6.7,32,134.25,3.9
24,2/5/21,180.5,203.49,1865.93,3477.49,157.11,1815.68,1425.72,9.26,5.55,41.65,420.75,19,60,7.54,1.42,12.15,22,2.1,12.2,40,17.25,0.45,68.5,165.25,13.85,37.25,1.11,6,1.37,1975,0.35,3.62,44.15,272,78,37.05,4.89,2.43,1.55,5,6,3.83,370,1500,7.9,360,4.7,4.12,5.64,24.5,13,8.58,2.35,10.4,10,16.5,79.5,6,137,36.2,19,11.75,3.01,1.36,23.35,15.15,0.28,6.7,32,135,3.9
25,2/8/21,181.5,203.61,1879.71,3494.82,157.06,1829.03,1436.2,9.18,5.55,40.35,420,19,60,7.42,1.45,11.85,22,2.1,12.5,40,17.3,0.45,69.75,169.75,13.85,37.05,1.12,5.98,1.3,1975,0.36,3.31,45,270,78,37.45,5.04,2.44,1.61,5,6,3.83,365,1500,7.58,360,4.6,4.12,5.7,24.35,12.8,8.38,2.35,10.4,10.2,17.1,87.25,6.1,136.75,35.95,19,11.5,2.91,1.36,23.5,14.5,0.28,7,32,134.5,3.8
26,2/9/21,182.38,205.52,1876.19,3512.68,158.68,1839.12,1445.44,9.3,5.55,41.3,420,20.4,60,7.04,1.43,11.95,22,2.08,12.5,40,17.3,0.45,68.25,170.25,12.5,37.15,1.15,6,1.3,1975,0.35,3.39,42.1,276,78,37.5,4.94,2.41,1.59,5,6,3.83,370,1500,7.48,360,4.6,4.12,5.14,24.35,12.65,8.8,2.15,10.4,10.2,16.55,87.25,6,136.75,36.6,19,11.5,3.02,1.36,23.5,15.5,0.28,7,32,135,3.8
27,2/10/21,183.9,205.99,1885.83,3527.97,158.6,1852.43,1457.23,9.36,5.55,41.5,420,20.4,59.75,7.2,1.43,12,22,2.19,12.55,40,17.45,0.45,68.25,177.5,12.5,37.5,1.15,6,1.3,1975,0.35,3.5,42.15,276.5,78,37.5,4.82,2.46,1.57,5,6,3.83,370,1500,7.48,360,4.64,4.12,5.04,24.45,13.85,8.64,2.15,10.4,10.2,18,85,5.94,135,36.4,19,11.3,3,1.36,23.5,14.55,0.28,6.9,32,135,3.8
28,2/11/21,185.91,210.26,1882.68,3588.76,162.5,1876.63,1476.27,9.4,5.55,40.65,424.25,20.4,59.25,7.04,1.46,12,22,2.13,12.7,40,17.5,0.45,69,177.25,12.5,37.8,1.1,6.04,1.35,1975,0.36,3.49,44,276,78,37.75,4.82,2.49,1.55,5,6,3.83,370,1500,7.48,360,4.79,4.12,4.98,24.25,12.9,8.6,2.28,10.4,10.2,18.1,85,5.96,135,37.8,19,11.3,3,1.35,25.6,14.5,0.27,6.9,32,134.75,4
29,2/12/21,186.65,211.81,1889.77,3612.06,164.02,1884.03,1482.09,9.6,5.55,38.85,425,20.5,59.25,7.3,1.47,11.85,24,2.12,12.7,40,17.5,0.45,69,175,12.5,37.85,1.11,6,1.26,1975,0.36,3.5,45,276,78,38,4.81,2.46,1.53,5,6,3.83,370,1500,7.48,360,4.79,4.12,5.2,24.45,13.5,8.82,2.28,10.4,10.2,18.3,85,5.96,135,38.35,19,11.3,3,1.35,23.7,14.5,0.28,6.8,32,135,3.8
30,2/15/21,187.48,213.85,1885.15,3633.08,165.79,1894.26,1490.14,9.6,5.55,39.25,425,20.5,59.25,7.2,1.42,11.5,24,2.14,12.6,40,17.4,0.45,69.5,175.5,12.5,38,1.12,6,1.26,1975,0.37,3.48,43.55,280,78,38.05,4.89,2.45,1.52,5,6,3.83,370,1500,7.46,360,4.79,4.12,4.86,24.15,13.1,8.6,2.12,10.4,10.2,18.3,85,5.94,135,39.05,19,10.6,3,1.36,24,14.5,0.28,6.84,32,135,3.8
31,2/16/21,187.9,213.22,1879.19,3618.75,164.48,1898.95,1493.83,9.54,5.55,39.65,437,21,59.25,7.2,1.42,12.1,24,2.15,12.45,40,17.4,0.45,69,174.5,12.5,39,1.07,6,1.35,1975,0.37,3.46,43.15,270,85,38.6,4.85,2.45,1.47,5,6,3.83,370,1500,7.5,360,4.79,4.12,4.71,24.05,13.05,8.48,2.2,10.4,10,17.3,82,5.96,135,38.5,19,10.05,3,1.36,24.35,14.5,0.29,6.6,32,135,3.8
32,2/17/21,187.73,213.65,1874.67,3624.62,165.04,1897.31,1491.17,9.58,5.55,38.95,437,21,59.25,7.08,1.41,11.75,24,2.12,12.45,39,17.45,0.45,69.5,173,12.5,38.55,1.01,6,1.29,1855,0.36,3.45,45,270,84,38.85,4.81,2.46,1.45,5,6,3.83,370,1500,7.46,360,4.79,4.12,4.59,24.15,13.15,8.46,2.01,10.4,10,17.55,80.75,5.98,135,38.75,19,10.1,3,1.35,25,14.9,0.28,6.62,32,135,3.77
33,2/18/21,187.38,212.83,1875.71,3617.11,164.31,1895.92,1490.76,9.6,5.55,39,439.75,21,60,7,1.33,11.5,24,2.07,12.55,40,17.4,0.45,69,173,12.5,38.35,1.07,6.04,1.31,1855,0.36,3.45,45,265.25,80,39,4.74,2.48,1.47,5,6,3.83,370,1500,7.46,360,4.79,4.12,4.76,24.1,13,8.44,2,10.4,10,18,84,5.94,135,38.45,19,10.1,3.28,1.35,25,15,0.28,6.68,29.55,135,3.5
34,2/19/21,188.14,214.59,1888.47,3638.57,165.55,1911.58,1501.7,9.62,5.55,40.05,484.75,21,58,7,1.41,11.85,24,2.12,12.8,40,17.25,0.45,70.75,171,12.5,38.45,1.01,6.2,1.34,1855,0.37,3.51,44.8,265.25,84,39.5,4.7,2.48,1.49,5,6,3.83,370,1500,7.46,360,4.66,4.12,4.64,24.05,13.05,8.56,2,10.4,9.5,18,84,5.6,135,38.75,19,10.1,3.6,1.36,25,15,0.27,6.72,29.5,135,3.7
35,2/22/21,187.66,214.91,1877.46,3637.31,165.86,1909.31,1499.92,9.72,5.55,40.1,492.25,21,59,7.06,1.43,11.95,24,2.13,12.8,40,17.05,0.45,77,169.25,12.5,38.2,1.1,6.8,1.34,1855,0.39,3.45,45,266,81,39.3,4.7,2.47,1.42,5,6,3.83,370,1500,7.9,360,4.69,4.12,4.74,24.25,13.05,8.38,2,10.4,9.5,18.3,80,5.1,135,38.9,19,9.8,3.6,1.34,25,15,0.29,6.6,29.5,135,3.7
36,2/23/21,186.98,214.63,1883.64,3627.37,165.89,1903.3,1493.84,9.78,5.55,40.05,499.75,21.45,59,7.02,1.39,11.85,24,2.15,12.8,39.45,17,0.45,75,168.5,13.35,38.2,1.03,6.48,1.32,1855,0.37,3.62,43.45,265,81,38.75,4.67,2.46,1.45,5,6,3.83,370,1500,8,360,4.65,4.12,4.74,23.65,13.3,8.68,1.97,10.4,9.5,19.45,80,5.42,134.5,39,18,9.88,3.5,1.34,24,15.55,0.29,6.78,29.5,135,3.7
37,2/24/21,186.89,214.15,1877.67,3628.83,165.85,1896.91,1487.47,9.84,5.55,39.95,498.5,21.45,59,7,1.31,11.95,24,2.1,13,39,17,0.45,70.25,168,13.35,37.95,1.11,6.4,1.33,1855,0.36,3.61,45,264.5,84,38.4,4.66,2.49,1.45,5,6,3.83,370,1500,8,360,4.31,4.12,4.44,24.45,13.4,8.2,2,10.4,9.5,19.55,80,5.48,134.75,39,18,9.8,3.5,1.3,24,15.65,0.28,6.6,29.1,135,3.7
38,2/25/21,186.05,213.57,1896.68,3618.3,165.64,1889.05,1481.31,9.74,5.55,41.3,489.5,21.9,59,7.16,1.32,12,24,2.23,12.9,39.5,16.6,0.45,69.75,165.75,13,37.95,1.11,6.26,1.33,1855,0.38,3.53,42.6,265.25,84,38.1,4.63,2.55,1.45,5,6,3.83,370,1500,8.04,360,4.65,4.12,4.31,24.45,14.65,8.5,2.16,10.4,9.5,18.15,84,5.72,134.75,39,18.8,9.8,3.5,1.22,25,16,0.28,6.6,32,134,3.7
39,2/26/21,186.74,213.53,1915.68,3624.96,165.39,1892.68,1484.15,9.72,5.55,41.95,489.5,21.9,58,7.28,1.35,12.15,24,2.3,13.05,39.5,16.95,0.45,69.25,166,13,37.9,1.08,6.6,1.33,1855,0.4,3.49,44.95,266,85,38.75,4.69,2.49,1.48,5,6,3.83,370,1500,8.04,360,4.6,4.12,4.26,24.5,16.1,8.6,1.99,10.4,9.32,18.05,83,5.88,134.75,38.75,18,9.58,3.5,1.14,24.4,16,0.28,6.8,32,134.5,3.7
40,3/1/21,186.8,213.38,1912.79,3623.76,165.2,1893.69,1484.94,9.64,5.55,40.05,484,21.9,58,7.3,1.3,12.5,24,2.14,13,39.5,16.9,0.45,70,167.5,13.75,37.9,1.11,6.44,1.3,1855,0.38,3.47,44.95,266,85,38.8,4.66,2.48,1.45,5,6,3.83,371,1500,7.7,360,4.44,4.12,4.08,24.45,17.7,8.32,2,10.4,9.32,18,83,5.84,134.5,38.7,18,10,3.5,1.22,24.7,17,0.27,6.8,32,133.75,4
41,3/2/21,187.04,213.27,1922.58,3622.31,164.92,1893.23,1484.58,9.56,5.55,39.3,487,21,57,7.2,1.3,12.25,24,2.23,13.05,39.5,16.95,0.45,70.5,167.25,13.75,38,1.11,6.3,1.3,1855,0.38,3.4,44.9,265.25,85,38.7,4.66,2.6,1.44,5,6,3.83,365,1500,7.88,360,4.65,4.12,4.04,25.05,19.45,8.3,2,10.4,8.68,18,82,5.74,134.5,38.6,18.5,10,3.5,1.22,24.4,17,0.28,6.68,31,130,4
42,3/3/21,186.56,211.57,1934.9,3605.78,163.43,1883.62,1478.4,9.56,5.55,40.05,484,21,57,7.06,1.36,12.3,24,2.28,13.05,39.5,16.8,0.45,70.5,167,13,37.85,1.08,6.58,1.3,1855,0.38,3.45,44.6,265,85,38.35,4.69,2.61,1.41,5,6,3.83,365,1500,7.24,360,4.4,4.12,4.14,26.5,21.25,8.5,1.98,10.4,8.82,18,83.75,5.7,134.75,38,18.5,10.55,3.5,1.3,24.95,16.05,0.27,6.8,31,130.25,4
43,3/4/21,185.46,210.67,1936.89,3589.32,162.79,1874.93,1472.24,9.54,5.55,40.95,482.25,21,60,7.06,1.34,12.05,26,2.25,13.05,39.5,16.85,0.45,71.75,167,13,37.85,1.1,6.8,1.3,1855,0.38,3.49,44.6,265,85,37.95,4.68,2.68,1.4,5,6,3.83,365,1500,7.7,360,4.4,4.12,4.06,24.7,23.05,8.5,2,10.4,8.76,18,83,5.58,134.75,37.85,19,10.8,3.31,1.3,24.95,16,0.27,6.52,31,130.25,4.05
44,3/5/21,186.06,209.8,1941.39,3587.07,161.67,1878.47,1475.02,9.6,5.55,40.3,480.5,21,60,7.12,1.3,12.3,26,2.22,13,39.4,16.65,0.45,71.75,169,13,38.05,1.1,6.7,1.24,1855,0.38,3.45,44.05,270,85,38.2,4.63,2.62,1.38,5,6,3.83,365,1500,8.08,360,4.25,4.12,4.14,25.9,25.35,8.24,2,10.4,8.38,18,84.5,5.46,134.5,37.3,19,11.15,3.24,1.21,23.5,16,0.26,6.5,31,133,4
45,3/8/21,183.85,205.69,1932.93,3532.09,157.92,1863.23,1463.05,9.58,5.55,40.45,476.75,21,61.75,7.08,1.3,12.05,23.4,2.16,12.85,39.3,16.65,0.45,74.75,168.5,13,38,1.02,6.66,1.3,1855,0.38,3.47,44.95,270,85,38.15,4.69,2.63,1.41,5,6,3.83,365,1500,8.88,360,4.25,4.12,4.15,24.85,23.9,8.34,2,10.4,8.6,18.15,84.5,5.4,134.5,35.9,20.35,11.6,3.25,1.2,23.15,16.05,0.25,6.6,31,135,4.28
46,3/9/21,184.56,206.88,1921.94,3539.89,158.6,1873.84,1471.39,9.5,5.55,39.05,483.75,21,60,7.24,1.3,12.1,22.15,2.18,12.65,39,16.75,0.45,74.75,170,13,38.05,1.12,6.56,1.34,1855,0.36,3.49,44.15,269,78.25,38.9,4.69,2.63,1.41,5,6,3.83,365,1500,9.58,360,4.4,4.12,4.13,24.4,21.6,8.46,2,10.4,8.6,17.05,83,5.34,134.5,36.15,20.35,11.7,3.2,1.26,23.5,17.3,0.26,6.6,29,130,4.28
47,3/10/21,187.47,211.7,1915.14,3606.07,162.7,1907.73,1498,9.44,5.55,39.8,481.5,21,60,7.14,1.3,12.05,22.15,2.16,12.85,39.7,16.7,0.45,75,174.75,13,38.65,1.1,6.52,1.33,1855,0.37,3.46,44.15,266,78.25,39.15,4.65,2.66,1.4,5,6,3.83,365,1500,10.3,360,4.4,4.12,4.2,24,19.6,8.18,2.16,10.4,8.6,18,83,5.26,134.25,37.55,20.35,11.9,3.2,1.2,23.5,17.95,0.27,6.8,29,133,4.28
48,3/11/21,188.31,212.26,1913.35,3614.43,162.85,1917.14,1505.39,9.4,5.55,38.85,481.5,21,60,7.14,1.3,11.95,22.15,2.16,12.9,39.7,16.6,0.45,75,175.5,13,39.35,1.1,6.54,1.33,1855,0.38,3.37,43.15,266,78.25,39.25,4.63,2.68,1.39,5,6,3.83,365,1500,10.25,360,4.4,4.12,4.04,24.1,18.1,8.5,2.25,10.4,8.58,18,83,5.4,134.5,37.55,20.35,12.3,3.2,1.12,24,18,0.28,6.8,29,133,4.28
49,3/12/21,189.48,212.14,1923.04,3617.79,162.08,1926.72,1512.91,9.42,5.55,39.1,484.5,21,60,7.18,1.31,11.75,22.15,2.29,12.95,39.7,16.6,0.45,75.25,175.25,13.05,40,1.05,6.78,1.28,1855,0.38,3.41,43,261.75,78.25,39.95,4.61,2.6,1.39,5,6,3.83,365,1500,9.62,360,4.35,4.12,4.17,24.85,19.55,8.3,2.25,10.4,8,17.5,83,5.42,134.5,37.1,20.35,12.45,3.2,1.2,25,17.95,0.28,6.8,29,132.5,4.28
50,3/15/21,189.14,212.41,1926.37,3618.98,162.52,1923.23,1510.17,9.36,5.55,39.8,480,21,60,7.2,1.29,11.6,22.15,2.22,12.85,39.7,16.4,0.45,75,175,13,40,1.05,6.98,1.27,1855,0.38,3.48,43,270,78.25,39.65,4.68,2.59,1.38,5,6,3.83,365,1500,8.74,360,4.65,4.12,4.14,24.25,21.4,8.06,2.25,10.4,8.58,17.05,83,5.5,134.5,37.35,20.35,12.4,3.5,1.2,23.8,17.55,0.28,6.6,29,133,4.28
51,3/16/21,189.38,212.65,1922.7,3627.26,162.82,1928.94,1513.96,9.32,5.55,39.6,484,22,60,7.22,1.31,11,22.15,2.17,12.85,39.5,16.65,0.45,73.5,175,13,40.05,1.01,6.84,1.28,1855,0.38,3.44,43,276,78.25,39.95,4.63,2.54,1.39,5,6,3.83,365,1500,9.32,360,4.26,4.12,4.4,24.2,21,7.74,2.29,10.4,8.42,17.15,86.5,5.5,134.25,37.4,20.35,12,3.2,1.13,22.05,17.5,0.26,6.6,29,134.75,4.28
52,3/17/21,189.84,213.38,1930.06,3637.24,163.33,1933.82,1516.41,9.34,5.55,39.55,480.25,22,58.75,7.34,1.35,11.2,22.15,2.26,12.8,39.5,16.5,0.45,76.75,174.25,13.05,40.25,1.04,7,1.33,1855,0.38,3.48,43,280,78.25,40.1,4.65,2.62,1.38,5,6,3.83,365,1500,9.14,360,4.58,4.12,4.24,24.45,20.2,7.92,2.29,10.4,8.42,18,85.75,5.6,133.75,37.55,18.6,11.95,2.99,1.11,22.1,17.75,0.25,6.6,29,135,4.28
53,3/18/21,192.82,216.4,1936.22,3685.25,165.42,1962.15,1537.93,9.38,5.55,40,484,22,59.25,7.32,1.37,11.5,22.15,2.25,13.25,41,16.15,0.45,74.75,172,13.05,41.75,1.02,6.82,1.3,1855,0.38,3.48,43,280,84,40.85,4.65,2.62,1.36,5,6,3.83,360,1500,8.78,360,4.4,4.12,4.39,25.05,19.6,8.1,2.29,10.4,8,17.95,85.25,5.62,133.75,38.1,18.6,11.65,3.28,1.2,23.95,18,0.24,6.62,31,135,4
54,3/19/21,194.1,218.09,1933.6,3711.22,166.94,1973.64,1546.93,9.44,5.55,39.65,484,22.5,59.25,7.32,1.38,11.55,22.15,2.29,13.9,39,16.5,0.45,73.75,170,13.05,41.65,1.03,6.98,1.29,1855,0.37,3.42,43.2,285,85,41.35,4.63,2.65,1.36,5,6,3.83,360,1500,8.76,360,4.5,4.12,4.15,24.95,18.55,8,2.29,10.4,8.26,17,85.25,5.5,133,38.6,20.35,11.65,3.26,1.12,23,18,0.24,6.62,31,135,4.28
55,3/22/21,193.51,218.27,1931.35,3709.84,167.5,1967.35,1542,9.38,5.55,39.4,481.75,22.5,60,7.4,1.3,11.55,22.15,2.32,13.85,39,16.7,0.45,73.5,170,13.05,41.4,1,6.82,1.22,1855,0.37,3.76,43,293.75,85,40.9,4.64,2.61,1.33,5,6,3.83,360,1500,8.5,360,4.61,4.12,4.29,24.65,19,7.98,2.29,10.4,8.52,17,82.5,5.76,133,38.9,20.35,12,3.26,1.2,23,17.65,0.24,6.9,31,135,4.28
56,3/23/21,194.53,220.07,1931.34,3736.79,169.11,1976.86,1549.45,9.44,5.55,39.95,480,22.5,64,7.46,1.36,11.35,22.15,2.27,13.7,40.5,16.6,0.45,72,170,13.05,41.65,1,6.78,1.21,1855,0.37,4.13,45,296,84.5,41.2,4.6,2.65,1.32,5,6,3.83,362,1500,7.92,360,4.43,4.12,4.26,24.75,19,8,2.29,10.4,8.52,17.05,81.5,5.64,134.75,39.45,20.35,12.05,3.32,1.19,21.85,17.65,0.24,6.96,31,135.5,4.28
57,3/24/21,193.86,220.05,1910.17,3723.71,168.96,1980.09,1552.69,9,5.55,39,479.5,22.5,64,7.26,1.31,11.85,22.15,2.27,13.7,40.5,16.3,0.45,70.75,169.5,13.05,42,1.04,6.78,1.16,1855,0.38,4.54,43.2,284,84,41.85,4.59,2.65,1.28,5,6,3.83,355,1500,7.46,360,4.6,4.12,4.25,23.45,18,7.94,2.2,10.4,8.52,17,82.75,5.54,141,39.45,20.35,11.2,3.46,1.2,23.8,18,0.26,7,31,146.75,4.28
58,3/25/21,193.06,219.9,1907.32,3710.63,168.85,1974.61,1549.1,8.94,5.55,38.9,480,22.5,64,7.18,1.3,11.95,22.15,2.25,13.55,40.5,16.05,0.45,70,168,13.05,41.85,1.12,6.74,1.2,1855,0.37,4.99,43.05,267.75,84,42,4.58,2.57,1.34,5,6,3.83,355,1500,7.46,360,4.4,4.12,4.35,22.95,18,8.04,2.2,10.4,8.26,17.05,82.25,5.52,146.75,39.5,21.35,11.2,3.8,1.12,23.95,18,0.26,6.7,29.05,146.75,4.28
59,3/26/21,190.79,216.56,1903.06,3666.29,166.48,1947.23,1527.62,8.86,5.55,38.85,480.75,22.5,64,7.1,1.31,12,22.15,2.25,13.6,39.3,16.3,0.45,66.5,167.75,13.05,41,1.12,6.94,1.28,1855,0.37,4.58,43.15,267.75,84,41.1,4.58,2.6,1.34,5,6,3.83,355,1500,8.2,360,4.24,4.12,4.12,23.1,17.9,8.46,2.2,10.4,8.52,18.6,83.5,5.54,145,38.75,21.35,12,3.63,1.19,23.85,18,0.25,6.7,31,147.5,4.28
60,3/29/21,183.22,208.65,1853.25,3531.67,161.28,1859.99,1459.85,8.64,5.55,36.85,474.75,22.5,62,7.1,1.36,11.6,22.15,2.25,13.15,39.35,16,0.45,65,158.5,13.05,37.55,1.1,6.32,1.3,1855,0.37,4.17,42.9,267.75,84,39.4,4.59,2.46,1.34,5,6,3.83,355,1500,8.1,360,4.4,4.12,4.34,23.85,17.65,8.06,2.2,10.4,8.52,18.15,82,5.48,140,37.6,21.35,12,3.8,1.19,23,17.55,0.26,6.94,29.65,135.25,3.99
61,3/30/21,184.86,209.18,1846.76,3544.4,160.97,1869.96,1469.68,8.66,5.55,36.45,474.75,20.25,60,7,1.32,11.85,22.15,2.25,13.5,39.35,15.6,0.45,65,156,13.05,37.95,1.02,6.56,1.3,1855,0.37,4.1,44,275,84,40.35,4.54,2.4,1.31,5,6,3.83,355,1500,8.5,360,4.21,4.12,4.22,25.1,16.5,8.28,2.29,10.4,8.52,17.2,81.75,5.38,141.25,37.35,21.35,10.8,3.8,1.2,22.3,17.5,0.25,7.14,30.7,136.25,4
62,3/31/21,184.82,206.95,1846.41,3531.58,158.62,1866.04,1469.28,8.82,5.55,36.55,475,20.25,60.25,7.02,1.3,11.6,22.15,2.08,13.2,41.9,15.6,0.45,62.75,158,14.3,37.95,1,6.76,1.29,1855,0.38,4.01,50,270.5,84,41.3,4.55,2.44,1.35,5,6,3.83,355,1500,8.24,360,4.06,4.12,4.2,25.15,16.85,7.88,2.29,10.4,8.52,17.2,81.25,5.4,141.75,36.25,21,10.8,3.57,1.19,23.5,17.95,0.23,7.12,30.7,147,4
63,4/1/21,185.47,209.48,1864.44,3559.4,160.68,1887.7,1492.48,8.8,5.55,37.95,475,20.25,60.75,7,1.3,11.5,22.15,2.2,11.95,41.9,15.7,0.45,68,158,14.3,39.05,1,6.74,1.3,1855,0.38,3.78,49,278.5,87,41.1,4.56,2.53,1.36,5,6,3.83,355,1500,8.2,360,4.46,4.12,4.47,25.35,17.2,8.14,2.29,10.4,9,17.2,83.25,5.38,142,37.05,21,11,3.47,1.2,22.9,17.5,0.23,7.04,29,146.5,3.99
64,4/6/21,184.14,207.94,1863.1,3547.08,159.85,1874.5,1486.14,8.82,5.55,39,473.75,21,60,7,1.26,11.2,22.15,2.18,11.95,41.9,16.15,0.45,67.75,158,13.9,39,1.07,6.94,1.22,1855,0.39,4,50,290,87,40.15,4.55,2.54,1.33,5,6,3.83,351,1500,8.4,360,4.46,4.12,4.42,25.05,16.55,8.46,2.29,10.4,9,17.2,83.5,5.36,142,36.75,21,12,3.51,1.2,24,17.5,0.22,7,29,145.5,3.92
65,4/7/21,183.4,207.39,1856.13,3535.84,159.79,1864.46,1482.96,8.84,5.55,39,475,23.1,60,6.76,1.25,11.8,24,2.24,11.85,40,16.25,0.45,65,158.25,13.9,38.3,1.12,6.18,1.3,1855,0.4,4.17,49.75,290,81,39.85,4.51,2.52,1.33,5,6,3.83,351,1500,8.4,360,4.46,4.12,4.43,25.25,16.7,8.44,2.29,10.4,9,17.2,84.25,5.42,142.5,36.8,21,11,3.36,1.21,24.1,17,0.23,6.94,29,145.75,3.92
66,4/8/21,181.69,204.98,1856.97,3496.87,157.77,1847.1,1472.55,8.86,5.55,38.65,470.25,23.1,60,6.98,1.25,11.9,24,2.24,11.9,40,16.05,0.45,65.25,159.25,13.9,37.5,1.07,5.72,1.21,1855,0.39,3.95,48.05,290,81,39.8,4.54,2.48,1.33,5,6,3.83,351,1500,8.32,360,4.46,4.12,4.44,24.6,17.85,8.36,2.29,10.4,9,17.2,82.25,5.6,142.75,36.15,21,11,3.36,1.11,24.3,17,0.21,6.94,29,141.25,3.92
67,4/9/21,183.29,206.38,1868.76,3518.06,158.59,1862.34,1494.38,8.86,5.55,39.3,470.5,24,60,6.96,1.25,11.15,24,2.27,11.9,40,16.35,0.45,65.5,163.75,13.9,37.7,1.03,6.12,1.29,1855,0.39,4,47.4,285,81,40,4.53,2.5,1.39,5,6,3.83,351,1500,8.22,360,4.45,4.12,4.26,25,17.05,8.44,2.29,10.4,8.1,17.2,83,5.6,144,36.3,20.95,11.5,3.36,1.03,24.65,17.1,0.23,6.94,29,143,3.92
68,4/12/21,184.46,207.66,1862.87,3534.19,159.41,1874.49,1506.94,8.88,5.55,38.4,470.75,25,60,6.98,1.29,11.5,24,2.29,11.85,42.2,16,0.45,65,165.75,13.9,37.7,1.11,6.04,1.3,1855,0.38,4,47.05,285,81,40.65,4.5,2.49,1.36,5,6,3.83,351,1500,8.1,360,4.25,4.12,4.27,25.25,16.95,8.4,2.29,10.4,8.04,17.2,83,5.56,143,36.55,20.95,11.5,3.45,1.03,24.2,17.1,0.22,6.5,29.2,143,3.92
69,4/13/21,185.77,208.74,1861.44,3553.49,160.05,1888.49,1521.04,8.86,5.55,37.85,470.75,25,60,7.04,1.32,11.9,24,2.12,11.8,39,16.05,0.45,65,169.75,13.95,38.05,1.11,5.8,1.22,1855,0.39,4,47.2,285,89,40.9,4.5,2.43,1.35,5,6,3.83,351,1500,8.1,360,4.07,4.12,4.41,25.5,17,8.28,2.29,10.4,8,17.2,83,5.46,143.5,36.65,20.95,11,3.61,1.1,24.2,17,0.23,7.04,31.05,143,4
70,4/14/21,187.44,210.69,1867.15,3577.01,161.38,1900.95,1532.51,8.76,5.55,38,471,25,61.5,6.92,1.3,11.85,24,2.17,11.8,38,16,0.45,65,169.25,13.8,38.3,1.1,5.9,1.27,1855,0.38,3.91,47,285,82.5,41.35,4.5,2.45,1.37,5,6,3.83,355,1500,8.18,360,4.16,4.12,4.1,26.5,16.9,8.3,2.29,10.4,7.98,17.3,83,5.5,143,37.1,20,11,3.58,1.19,24.35,16.9,0.22,7.1,29.7,143,4
71,4/15/21,189.14,214.09,1873.46,3620.1,164.32,1921.75,1545.66,8.84,5.55,38.5,474.5,25,67,6.72,1.35,11.45,21.6,2.21,11.6,38,16,0.45,65,170,13.8,38.55,1.12,6,1.3,1855,0.37,3.9,46.95,285,89,41.85,4.5,2.46,1.4,5,6,3.83,355,1500,8.2,360,4.4,4.12,4.45,26.45,16.9,8.26,2.29,10.4,8,18.75,83,5.58,143,38.15,20,10.9,3.55,1.2,24.75,17,0.21,7.1,29.7,145.5,4
72,4/16/21,190.25,215.29,1882.96,3635.74,165.08,1931.64,1547.11,8.8,5.55,38.3,475,24.55,67,6.72,1.35,11.2,21.6,2.29,11.8,38,15.95,0.45,65,170,15,38.85,1.13,5.98,1.3,1855,0.4,4,46,282.25,89,42,4.5,2.45,1.4,4.53,6,3.83,355,1500,8.14,360,4.3,4.12,4.43,26.8,16.95,8.76,2.29,10.4,8,18.5,83.75,5.58,142.75,38.4,20,10.9,3.5,1.22,24.4,17,0.21,6.82,29.6,144,4.1
73,4/19/21,189.48,213.54,1879.06,3616.93,163.73,1926.9,1536.17,8.78,5.55,38.5,437.5,24.55,67,6.96,1.35,10.9,21.6,2.32,11.65,38,15.95,0.45,64.5,172.5,15,38.8,1.12,6,1.34,1855,0.41,3.91,46,288.75,89,41.5,4.49,2.47,1.43,4.53,6,3.83,355,1500,7.5,360,4.3,4.12,4.32,26.6,17.5,8.76,2.29,10.4,8,17.2,83.5,5.5,142.5,38,20,10.9,3.54,1.21,24.45,15.4,0.23,6.82,32,143,4.1
74,4/20/21,190.5,214.95,1873.93,3633.4,164.82,1933.65,1540.12,8.8,5.55,38.05,432.25,24.55,67,6.84,1.35,10.9,21.6,2.28,11.65,40.4,16.05,0.45,64,170.25,15,39.25,1.1,5.98,1.39,1855,0.4,3.87,46,288,89,42.05,4.48,2.44,1.48,4.53,6,3.83,355,1500,7.84,360,4.35,4.12,4.41,26.7,17,8.56,2.29,10.4,8,18.25,83,5.5,142.25,38.4,20,10.9,3.53,1.22,24.4,15.4,0.24,6.82,30.2,145,4.1
75,4/21/21,189.8,216.14,1878.02,3643.64,166.18,1942.54,1542.21,8.7,5.55,43.15,434.75,25,67,6.82,1.35,11.8,21.6,2.23,11.65,40.5,15.9,0.45,63,170,15,39.25,1.09,6,1.34,1855,0.38,3.9,45,290,85,42.3,4.43,2.52,1.47,4.53,6,3.83,355,1500,7.6,360,4.7,4.12,4.53,24.95,17.05,8.64,2.29,10.4,8,17.2,83,5.4,141,39,20,10.9,3.7,1.22,24.2,15.4,0.25,6.32,29.55,143.5,4.1
76,4/22/21,188.04,215.13,1881.87,3625.37,165.98,1924.27,1526.3,8.62,5.55,42.35,433,25,67,6.9,1.34,10.95,21.6,2.19,11.7,38.1,15.5,0.45,64,170,15,37.95,1.08,6,1.33,1855,0.38,3.88,45.05,290,81.25,41.6,4.49,2.55,1.46,4.53,6,3.83,355,1500,8,360,4.7,4.12,4.4,24.95,17.25,8.56,2.29,10.4,8,17.3,83,5.92,141.25,39.1,20,10.9,3.66,1.31,24.35,15.4,0.24,6.32,29.55,140.5,4.1
77,4/23/21,188.95,215.19,1888.25,3635.87,165.61,1936.38,1535.9,8.72,5.55,40.6,433.75,25,67,7,1.3,11.85,21.6,2.3,11.9,38.1,15.7,0.45,67.25,170,15,39.1,1.1,5.8,1.34,1855,0.37,3.88,45,290,82,41.6,4.35,2.56,1.46,4.53,6,3.83,355,1500,8,360,4.27,4.12,4.46,24.85,17,8.36,2.29,10.4,8,17.85,83,6.24,141,38.8,20.55,11.45,3.64,1.26,24,15.4,0.24,6.32,29.55,145,4.14
78,4/26/21,189.09,215.83,1888.68,3641.27,166.08,1937.25,1542.99,8.68,5.55,41.95,434.75,25,62,7.08,1.29,11.95,21.6,2.29,11.9,38.1,16,0.45,68.5,168.5,15,39.1,1.1,6.08,1.32,1855,0.38,3.97,45.35,280,82,41.8,4.27,2.5,1.44,4.53,6,3.83,355,1500,7.8,360,4.28,4.12,4.67,25,17,8.56,2.21,10.4,8,17.85,83,5.94,141,39,19,11.45,3.64,1.32,23.9,16.8,0.24,6.12,29.5,145,4.14
79,4/27/21,187.17,215.23,1868.38,3629.75,166.42,1935.51,1545.89,8.64,5.55,41.9,452,25,62,6.88,1.3,12.2,21.6,2.15,11.9,38.1,15.6,0.45,68.25,167.75,15,39.15,1.08,6.02,1.25,1855,0.39,3.96,47.5,280,82,39.7,4.24,2.42,1.44,4.53,6,3.83,355,1500,7.6,360,4.46,4.12,4.92,24.85,17,8.4,2.21,10.4,8,17.85,76,5.98,141,39.35,18.05,11.5,3.75,1.2,24,16.8,0.24,5.9,29.5,145,4.28
80,4/28/21,188.12,216.85,1876.88,3656.78,168.04,1953.54,1559.58,8.68,5.55,40.7,460,26,62,7.06,1.3,12,21.6,2.24,12,38.1,15.55,0.45,66.25,168.75,15,39.45,1.01,6.02,1.3,1855,0.4,3.8,45.05,277.5,82,39.95,4.3,2.47,1.41,4.53,6,3.83,355,1500,7.72,360,4.48,4.12,4.55,24.25,17,8.54,2,10.4,8,17.3,83,6,136.25,39.9,19,11.5,3.75,1.23,23.85,15.5,0.25,6.04,29.5,147,4.28
81,4/29/21,188.98,218.27,1873.57,3675.72,169.19,1961.27,1565.75,8.74,5.55,40.5,460,26,62,6.8,1.29,11.15,21.6,2.28,12,38.1,15.5,0.45,66.25,171,14,39,1.01,5.82,1.34,1855,0.4,3.98,44.5,290,82,40.2,4.28,2.48,1.37,4.53,6,3.83,355,1500,7.14,360,4.32,4.12,4.59,24.55,16.75,8.58,2,10.4,7.98,17.3,83,6.16,134.25,40.35,19,11.5,3.84,1.2,24,16.3,0.25,5.68,29.5,149.25,4.3
82,4/30/21,189.42,218.33,1866.58,3674.77,169.15,1961.6,1566.01,8.78,5.55,40.05,453.75,26.15,61.25,6.74,1.28,10.95,21.6,2.18,12.2,36,15.4,0.45,65.25,169.75,14,39.15,1.08,5.92,1.34,1855,0.41,3.97,44.05,281.75,82.5,40.25,4.25,2.47,1.38,4.53,6,3.83,358.25,1500,7.38,360,4.55,4.12,4.51,24.95,16.55,8.52,1.97,10.4,7.98,18.05,83,5.98,134,40.35,19,11.5,3.74,1.19,24,16.3,0.25,5.76,29.5,149.75,4.3
83,5/3/21,189.43,218.69,1858.26,3686.02,169.61,1972.2,1576.66,8.8,5.55,40.75,459.75,26,67,6.76,1.4,10.9,21.6,2.13,12.45,36,15.6,0.45,65,171,14,39.3,1.03,6.14,1.35,1855,0.38,3.76,44.95,288.75,82.5,40.05,4.21,2.4,1.35,4.53,6,3.83,358.25,1500,7.58,360,4.55,4.12,4.2,24.35,16.45,8.44,1.99,10.4,8,18.05,81,5.8,132.75,40.5,19,11.5,3.51,1.11,23.8,14.85,0.26,5.76,29.5,149.75,4.3
84,5/4/21,189.6,219.27,1845.8,3685.33,170.07,1974.28,1584.95,8.7,5.55,40.15,457.75,26,67.5,6.72,1.35,10.9,20,2.11,12.45,36,15.55,0.45,65,170,14,39.55,1,6.18,1.35,1855,0.38,3.81,43.05,282,82.5,40.05,4.16,2.4,1.33,4.53,6,3.83,358.25,1500,7.58,340,4.52,4.12,4.4,24.45,15.2,8.26,2.18,10.4,8,17.65,81,5.94,132.5,40.75,17.1,11.5,3.51,1.12,23.9,16,0.25,6.18,29,149.75,4.5
85,5/5/21,190.06,219.12,1862.07,3685.1,169.69,1979.75,1593.06,8.66,5.55,40.55,457.75,26,67.5,6.9,1.36,11.5,20,2.14,12.65,36,15.05,0.45,65.5,169.25,14,39.85,1.09,6.18,1.35,1855,0.4,3.99,42.75,282,82.5,40.4,4.16,2.48,1.38,4.53,6,3.83,360,1500,7.6,340,4.49,4.12,4.55,24.5,15.8,8.5,2.18,10.4,8,18.95,81,6,132.25,40.5,17.1,11.5,3.5,1.13,24,16,0.25,6.3,29,149.75,4.5
86,5/6/21,191.91,220.77,1861.81,3710.28,170.51,2001.65,1613.69,8.8,5.55,40,460,26.05,69,6.72,1.36,11.5,20,2.19,12.65,36,14.75,0.45,65,171.25,14,40.3,1.01,6.1,1.37,1855,0.41,3.92,42.65,284.75,82.5,41.5,4.17,2.4,1.39,4.53,6,3.83,360,1500,7.6,340,4.4,4.12,4.55,24.45,15.65,8.62,2.15,10.4,8,18.75,81,6.08,132,40.65,15.55,11.5,3.54,1.11,24,16,0.25,6.26,29,149.5,4.37
87,5/7/21,192.8,221.74,1862.5,3725.72,171.09,2014.96,1625.94,8.76,5.55,39.05,467.5,26,69,7,1.3,11,20.25,2.17,12.6,36,14.5,0.45,64.25,171.75,14,40.75,1,6.1,1.35,1855,0.4,3.68,42.6,284.75,82.5,41.95,4.09,2.39,1.38,4.53,6,3.83,360,1500,7.58,340,4.43,4.12,4.37,24.6,15.75,8.62,2.15,10.4,8,18.5,81,6.1,131.75,40.8,17.1,11.5,3.51,1.11,24,14.8,0.25,6.26,31.8,149,4.37
88,5/10/21,193.49,222.36,1866.53,3735.35,171.45,2020.76,1632.92,8.78,5.55,39.3,470,26,68.25,6.94,1.3,11.15,20.25,2.12,12.55,39.2,14.75,0.45,64,171.75,14,40.85,1,6.18,1.36,1855,0.39,4,42.6,284.75,82.5,42.4,4.11,2.42,1.39,4.53,6,3.83,360,1500,7.74,340,4.36,4.12,4.59,24.7,15.6,9.04,2.18,10.4,8,18.85,83,5.66,131.5,40.85,17.1,11.35,3.51,1.13,24,16,0.24,6.22,31.8,149,4.37
89,5/11/21,193.59,221.91,1862.84,3631.03,168.95,2020.21,1628.66,8.78,5.55,39.9,471.25,26,68.25,7,1.25,10.9,20.5,2.1,12.5,39.2,14.8,0.45,63.25,171.75,14,41.05,1.01,6.1,1.38,1855,0.42,4,24.85,280.5,82.5,42.45,4.12,2.38,1.41,4.53,6,3.83,360,1500,7.74,340,4.48,4.12,4.6,24.95,15.05,8.98,2.15,10.4,8,18.85,81.25,5.64,132,40.6,17.1,11.35,3.56,1.2,24,16.25,0.25,6.22,31.8,149,4.37
90,5/12/21,192.08,219.85,1861.14,3604.01,167.4,2001.47,1610.53,8.78,5.55,39.75,471.25,26,64.5,6.98,1.29,10.9,20.5,2.13,12.3,39.2,15.2,0.45,64,172,14,40.65,1,6.14,1.38,1855,0.45,3.98,24.55,285,82.25,41.75,4.12,2.4,1.4,4.53,6,3.83,360,1500,7.98,340,4.5,4.12,4.71,25,14.95,9,2.15,10.4,8,18.8,82.5,5.58,132,40.1,18,11,3.57,1.19,24,15.55,0.25,6.02,31.8,148.75,4.05
91,5/13/21,191.85,218.34,1863.25,3586.62,165.76,2002.19,1608.1,8.8,5.55,39.25,471,26,64.5,7,1.3,10.9,20.5,2.2,12.45,39.2,15.45,0.45,65,172.25,15,40.95,1.09,6.1,1.41,1855,0.42,4,24.3,280,82.25,41.95,4.12,2.39,1.4,4.53,6,3.83,360,1500,7.98,340,4.48,4.12,4.9,24.65,15.05,9,2.03,10.4,8,18.8,83,5.56,132,39.4,18,11.35,3.59,1.18,24,15.6,0.23,6.02,31.8,146.75,4.05
92,5/17/21,190.71,216.51,1859.08,3562.38,164.44,1987.18,1594.56,8.88,5.55,37.6,472,26,64.5,7.18,1.33,11.3,22,2.13,12.45,40,15.4,0.45,64.5,171.5,15,40.9,1.09,6.02,1.3,1855,0.44,3.96,23.9,285,80,41,4.11,2.37,1.4,4.53,6,3.83,360,1500,7.5,340,4.48,4.12,5.3,24.9,15.95,8.86,2.03,10.4,8,18.8,81.25,5.52,131.75,39,18,11.35,3.6,1.13,23.75,14.75,0.25,6.1,31,147,4.18
93,5/18/21,190.06,214.71,1842.47,3534.82,162.62,1982.08,1587.51,8.84,5.55,37.2,470,26,67,7.02,1.34,10.9,22,2.15,12.3,40,15.05,0.45,64,173.25,15,40.95,1.06,6,1.31,1860,0.42,3.63,23.1,280.25,81.5,41.05,4.08,2.37,1.4,4.53,6,3.83,360,1500,8.24,340,4.48,4.12,5.18,24.85,15.75,8.3,2,10.4,8,18.7,81.75,5.5,131,38.35,18.1,11.35,3.5,1.13,23.55,15,0.27,6.16,31,148.5,4.19
94,5/19/21,188.98,213.32,1838.25,3517.87,161.58,1968.01,1571.12,8.92,5.55,36.95,470,26,64.5,7.14,1.35,10.85,22,2.11,11.95,38.5,14.95,0.45,64,174,15,41.05,0.99,6.02,1.38,1860,0.42,3.8,23.25,280,81.5,40.25,4.01,2.38,1.39,4.53,6,3.83,360,1500,7.5,340,4.05,4.12,5.22,24.9,16.2,8.06,2,10.4,7.86,18.4,81,5.6,131.25,38.05,18.05,11.35,3.5,1.21,24.15,15,0.26,6.02,31,145,4.05
95,5/20/21,190.34,215.95,1852.28,3552.8,163.93,1980.5,1575.26,9.02,5.55,36.4,469,26,68.25,7.26,1.35,10.65,22,2.15,12.05,38.5,15.1,0.45,63.75,173.75,15,41.05,1.04,5.98,1.39,1860,0.41,3.75,23.35,278,81.5,40.55,4.02,2.34,1.4,4.53,6,3.83,360,1500,7.56,340,4.23,4.12,5.02,25,16.35,8.86,2,10.4,8,18.4,81,5.58,131.5,38.9,18.1,11.35,3.65,1.21,24.05,15,0.26,6.12,31,145,4.05
96,5/21/21,191.9,218.26,1858.87,3586.44,165.76,1999.95,1590.72,9.1,5.55,36.7,470,26,68.25,7.26,1.35,10.4,22,2.13,12.25,39,14.9,0.45,63.75,174,15,41.5,1.04,5.98,1.35,1860,0.4,3.62,23.35,280,81.5,41,4.01,2.36,1.39,4.53,6,3.83,360,1500,7.4,340,4.48,4.12,5.34,24.85,16.65,8.98,2,10.4,8,18.55,81,5.5,131.5,39.5,18.1,11.3,3.6,1.23,24,15,0.26,6,28,145,4.05
97,5/24/21,196.74,226.12,1860.4,3691.12,172.2,2056.37,1639.38,9.1,5.55,37,472,26,68.5,7.22,1.31,10.2,24.2,2.14,12.3,38.1,14.9,0.45,64,180,15,42.45,1.03,5.98,1.41,1860,0.39,3.79,22.9,280,82.25,41.85,3.97,2.32,1.39,4.53,6,3.83,360,1500,7.3,340,4.41,4.12,5.54,24.9,16.8,8.2,2,10.4,8,18.4,81,5.36,131.75,41.75,18.1,11.3,3.6,1.21,23.9,14.5,0.24,5.92,28,145,4.05
98,5/25/21,198.03,228.9,1863.86,3724.48,174.73,2064.49,1650.44,9.22,5.55,36.05,464.75,26,68.5,7.1,1.18,10.15,24.2,2.16,12.2,40,14.85,0.45,63.25,181,15,42.05,0.99,5.96,1.4,1860,0.38,4,22.65,278,82.25,42.25,3.98,2.32,1.38,4.53,6,3.83,360,1500,7.32,340,4.08,4.12,5.2,25.05,16.85,8.5,2,10.4,8,18.4,82.75,5.44,131.75,42.75,16.65,11,3.59,1.19,23.95,14.6,0.24,5.92,28,145,4.05
99,5/26/21,199.09,227.75,1865.3,3711.8,172.68,2077.52,1662.4,9.22,5.55,35,467.75,26,68.5,7.2,1.21,10,24.2,2.11,12.25,40,14.7,0.45,63.25,180.5,15,43.55,0.97,6,1.4,1860,0.4,3.9,22.25,280,82.25,43,3.97,2.33,1.37,4.53,6,3.83,360,1500,7.12,340,4.05,4.12,5.46,25.1,16.95,8.72,2,10.4,8,18.35,80,5.5,131.5,41.8,17,11,3.38,1.19,23.8,14.1,0.26,5.92,29,140.75,4.05
100,5/27/21,197.62,223.61,1863.68,3667.9,168.94,2060.7,1650.48,9.54,5.55,34.6,465,26,68.5,7.2,1.22,10.1,24.2,2.09,12.15,39.35,14.55,0.45,62.75,185.25,15,43.5,0.98,6,1.32,1860,0.4,4.01,22.2,280,80,42,3.98,2.32,1.37,4.53,6,3.83,360,1500,7.04,340,3.99,4.12,5.18,25.05,16.85,8.9,1.8,10.4,8,18.25,80,5.64,130.25,40.35,16.6,10.95,3.51,1.2,23.95,14.45,0.25,5.58,30,140,4.05
101,5/28/21,199.4,227.66,1862.15,3712.7,172.69,2077.03,1662.01,9.52,5.55,34.05,464,26,75.25,7.24,1.19,10.8,24.2,2.14,12.15,39,14.5,0.45,60,186.25,14,43,0.96,5.98,1.3,1860,0.38,3.85,21.55,280,80,42.4,3.97,2.31,1.33,4.53,6,3.83,360,1500,7.04,340,4,4.12,5.18,25.45,17.25,8.76,1.82,10.4,8,18.25,79.5,5.8,130,41.85,16.55,11,3.5,1.16,24.1,13.8,0.26,5.6,28,140,4.45
102,5/31/21,197.85,224.64,1871.55,3669.57,169.97,2056.79,1644.29,9.48,5.55,35.85,468,26,75,7.26,1.24,10.55,24.2,2.08,12.15,42.8,14.55,0.45,60,185.25,14.5,42.2,0.94,6,1.3,1860,0.39,3.81,21.3,279.25,80.5,42.3,3.96,2.3,1.34,4.53,6,3.83,360,1500,7.02,340,4,4.12,5.3,26,18.7,8.92,1.96,10.4,8,18.5,79.5,5.62,130,40.85,16.55,11,3.5,1.22,24.4,13.85,0.25,5.62,28,142.25,4.45
103,6/2/21,199.83,226.32,1899.68,3701.41,171.19,2072.25,1656.65,9.54,5.55,36.3,468,26,73,7.16,1.22,11.4,24.2,2.11,12.2,42.8,14.7,0.45,60,189.5,14.5,42.7,0.95,6,1.38,1890,0.39,3.57,21.4,280,80.5,42,3.99,2.41,1.33,4.53,6,3.83,380,1500,7,340,4,4.12,5.5,26.75,20.55,9.38,1.99,10.4,8,18.9,81,5.66,130,41.1,16.25,10.9,3.5,1.2,24.4,13.85,0.24,5.62,30,150,4.45
104,6/3/21,199.42,225.95,1911.64,3694.54,170.94,2069.23,1652.7,9.5,5.55,38.65,468,26,68,7.2,1.2,11.4,24.2,2.08,12.25,38.6,14.9,0.45,59.75,190,14,42.3,0.98,6.02,1.3,1890,0.4,3.6,21.3,280,82.25,42,3.98,2.5,1.3,4.53,6,3.83,380,1500,7,340,4.04,4.12,5.52,26.5,22.6,9.22,1.99,10.4,8,18.65,80,5.56,131,41,16.25,10.9,3.5,1.2,24.85,13.85,0.24,6.08,30,144.25,4.45
105,6/4/21,199.7,225.02,1908.82,3692,169.87,2070.91,1653.27,9.78,5.55,37.3,465.25,26,68,7.12,1.21,11.3,24.2,2.07,12.25,38.6,15.1,0.45,60,190,13.35,42.85,0.96,6.28,1.31,1890,0.42,3.65,22,280,81,42.25,3.99,2.5,1.35,4.53,6,3.83,380,1500,7,340,4,4.12,5.46,26.1,22.6,9.02,1.99,10.4,7.9,18.25,80,5.42,130,40.5,16.25,10.5,3.27,1.22,25.25,14,0.24,6.08,30,135.75,4.5
106,6/7/21,199.96,225.24,1904.15,3700.23,170.18,2071.09,1652.65,9.86,5.55,37.1,465,26.25,68,7.12,1.23,11.15,24.2,2.11,12.15,38.6,15.75,0.45,60,190,13.15,43,0.97,6.14,1.29,1890,0.4,3.8,22,299.75,81,42.25,3.97,2.47,1.33,4.53,6,3.83,380,1500,6.8,340,4.17,4.12,5.8,26.1,22.35,8.64,1.99,10.4,7.9,18,80,5.4,130,40.55,16.25,10.85,3.46,1.21,24.8,15,0.25,6.38,30,135.75,4.4
107,6/8/21,201.69,227.11,1907.05,3730.55,171.54,2089.76,1667.55,9.94,5.55,37.2,465,26,68,7.2,1.29,11.15,24.2,2.2,12.3,38.5,16,0.45,59,190,12.2,43.95,0.96,6.24,1.26,1890,0.41,3.78,21.5,300.25,82.25,42.5,3.97,2.47,1.33,4.53,6,3.83,380,1500,7.3,340,4.2,4.12,5.98,26,22.75,8.26,1.99,10.4,7.32,18,82,5.22,130,40.95,15,9.9,3.5,1.22,24.75,15,0.25,6.04,30,140,4.4
108,6/9/21,202.35,227.64,1913.13,3739.16,171.77,2094.16,1671.06,10,5.55,35.6,465,26,68,7.28,1.29,10.9,24.2,2.11,12.25,38.6,15.85,0.45,59.25,190,11.5,44,1.02,6.12,1.26,1890,0.44,3.72,21.75,301.25,82.25,42.95,3.97,2.52,1.34,4.53,6,3.83,380,1500,6.8,340,4.12,4.12,6.32,26.25,22.75,8.3,1.85,10.4,7.32,16.9,82,5.46,130,41,15,9.16,3.5,1.22,24.9,15,0.24,5.88,30,147,4.05
109,6/10/21,202.64,228.31,1915.98,3750.06,172.48,2098.2,1674.28,10.1,5.55,35,465,26.2,68,7.26,1.3,11.1,24.2,2.1,12.3,38.6,16.05,0.45,59,190,11.4,44.15,0.99,6.2,1.35,1890,0.44,3.77,21.65,305,82.25,42.85,3.98,2.5,1.33,4.53,6,3.83,380,1500,6.8,340,4.11,4.12,6.4,26,22.85,8.64,1.85,10.4,7.32,16.95,82,5.46,129.75,41.25,15,9.9,3.5,1.32,24.85,14.75,0.23,6,29,146,4.1
110,6/11/21,202.51,228.15,1911.92,3745.1,172.33,2094.83,1673.15,10.1,5.55,35,465,26.5,68,7.26,1.29,11.05,24.2,2.12,12.3,38.6,16,0.45,59,190,11.2,44.05,1,6.2,1.39,1890,0.44,3.76,21.5,306.25,82,42.6,3.94,2.49,1.33,4.53,6,3.83,380,1500,6.82,340,4.2,4.12,6.34,26.3,22.9,8.54,1.99,10.4,8.04,16.95,80,5.48,130,41.25,15.5,9.3,3.27,1.44,24.8,14.1,0.25,5.68,29,145.75,4.1
111,6/14/21,202.71,228.57,1919.56,3748.2,172.9,2089.28,1668.71,10.25,5.55,35.25,460.5,26.25,68,7.2,1.23,11.1,24.5,2.15,12.15,42.4,16.05,0.45,59,190,11,43.9,1,6.02,1.42,1890,0.41,3.67,21.25,305.25,80.75,42.4,4.19,2.44,1.34,4.53,6,3.83,405,1500,6.7,340,4.2,4.12,6.4,26.4,22.95,8.6,1.99,10.4,8.04,16.85,81,5.58,129.5,41.45,15.5,10,3.5,1.53,24.1,14,0.27,5.98,29,145.75,4.1
112,6/15/21,202.78,228.88,1909.18,3757.55,173.34,2093.65,1672.98,10.1,5.55,35,452.5,26.5,68,7.34,1.26,11.15,24.5,2.07,12.3,42.4,15.8,0.45,59,190.25,10.65,44.15,1.02,6.2,1.39,1890,0.41,3.7,21.95,305.5,80,42.4,4.04,2.39,1.36,4.53,6,3.83,405,1500,6.7,340,4.2,4.12,6.5,26.25,22.9,8.32,1.99,10.4,8.04,18,80,5.56,130,41.6,15.55,9.94,3.5,1.52,25.45,14,0.27,6.2,28.6,146,4.1
113,6/16/21,203.06,229.85,1911.45,3768.21,174.17,2098.75,1676.27,10.05,5.55,35.1,450.5,26.75,68,7.12,1.29,11.2,24.5,2.07,12.3,39.95,15.9,0.45,60,191,10.5,44.1,0.94,6.2,1.43,1890,0.41,3.68,21.9,305,82.25,42.5,4.02,2.45,1.38,4.53,6,3.83,385,1500,6.7,340,4.2,4.12,6.32,25.95,23,8.4,1.99,10.4,8.04,18,80,5.5,129.75,41.95,15.55,9.96,3.5,1.52,25.65,14,0.28,6.2,26.1,145.75,4.1
114,6/17/21,203.31,229.38,1908.57,3766.2,173.48,2103.47,1680.04,10.1,5.55,36.5,450.25,26.75,61.5,7.14,1.29,11.2,24.3,2.11,12.25,39.95,15.55,0.45,60,193.75,11.5,44.35,0.99,6.1,1.4,1890,0.42,3.62,21.85,305,82.25,42.55,4.02,2.39,1.38,4.53,6,3.83,380,1500,6.9,340,4.19,4.12,6.32,25.95,22.95,8.32,1.99,10.4,8.04,18,80,5.36,129.5,41.6,16.7,10,3.5,1.5,26.3,14,0.28,6.2,26.1,135.25,4.1
115,6/18/21,202.32,227.86,1901.21,3747.26,172.38,2092.96,1671.65,10.1,5.55,35,450.5,26.75,61.5,7.32,1.28,11.5,25.45,2.12,12.25,38.2,15.5,0.45,59,189,11.5,44.75,1.01,6.12,1.28,1890,0.41,3.63,21.8,309.5,82.25,42.55,4.01,2.42,1.36,4.53,6,3.83,380,1500,7.24,340,4.13,4.12,6.8,25.6,23.1,8.26,1.99,10.4,8.04,17.1,80,5.36,130,41.25,18,9.74,3.5,1.51,25.8,14,0.27,5.92,26.1,135.25,4.1
116,6/21/21,203.14,228.51,1902.75,3755.62,172.7,2100.71,1677.84,10.2,5.55,35.05,448.5,26.75,61.5,7.38,1.28,11.4,26,2.14,12.1,38.2,15.35,0.45,59,190,11.5,45.15,0.99,6.18,1.4,1890,0.42,3.65,21.45,305,80,43,4.01,2.45,1.35,4.53,6,3.83,380,1500,7.92,340,4.12,4.12,6.9,25.45,23.1,8.2,1.99,10.4,8.04,18.6,80,5.4,129.75,41.3,18,10,3.51,1.5,26.2,14,0.28,5.9,26.1,134,4.1
117,6/22/21,203.42,228.87,1898.91,3768.13,172.94,2104.29,1680.7,10.15,5.55,35.3,437.5,26.75,61.5,7.3,1.32,11.35,26,2.11,12.3,40,15.4,0.45,59,189,12.1,45.55,0.98,6.08,1.39,1890,0.39,3.67,21.5,320.25,80,43.25,3.96,2.4,1.33,4.53,6,3.83,405,1500,7.9,340,4.2,4.12,6.86,25.45,23.05,8.04,1.9,10.4,8.04,18.65,83.25,5.38,129.5,41.3,18,10.05,3.51,1.5,25.7,14,0.28,6.02,27.2,134,4.02
118,6/23/21,202.83,228.01,1898.68,3753.14,172.3,2093.58,1672.92,10.1,5.55,35,430.25,26.75,61.5,7.3,1.3,11.05,25.45,2.12,12.4,40,15.4,0.45,58.75,185,11.7,45.55,0.98,6,1.34,1890,0.42,3.67,21.35,320.25,80,43.35,3.98,2.4,1.35,4.53,6,3.83,405,1500,7.92,320,4.16,4.12,6.92,25.4,23.15,8.3,1.97,10.4,8.82,18.65,83.25,5.36,129,41.15,18,9.72,3.51,1.5,25.05,14,0.28,5.92,27.2,134,4.02
119,6/24/21,202.69,227.25,1890.3,3736.36,171.61,2090.17,1670.19,9.88,5.55,35.5,432,26.75,67.25,7.08,1.29,11.7,25.45,2.12,12.7,40,15.4,0.45,58,180,11.8,45.7,0.96,6.14,1.32,1890,0.41,3.64,21.5,315,80,43.65,3.96,2.43,1.3,4.53,6,3.83,405,1500,8.24,320,4,4.12,7.6,25,23,8.4,2.15,10.4,8.58,18.5,83.25,5.4,127.75,40.95,17.85,10,3.51,1.4,25,14,0.27,5.92,27.2,147,4
120,6/25/21,204.1,227.76,1899.11,3749.19,171.62,2107.7,1684.21,9.92,5.55,35.05,432,26.75,67.25,7.36,1.29,11.75,25.8,2.11,13,40,15.7,0.45,60,181.5,11.7,46.6,0.98,6.16,1.29,1890,0.42,3.63,21.1,310,82.75,43.85,3.95,2.41,1.3,4.53,6,3.83,405,1500,8.5,320,4.02,4.12,8.34,25.15,23.05,8.2,2.15,10.4,8.58,18.5,81.25,5.36,130,40.75,17.4,10,3.51,1.34,25,14,0.27,6,27.2,147.75,4
121,6/28/21,204.74,228.13,1918.66,3764.12,171.83,2111.72,1686.64,10,5.55,35,432,27,65.25,7.22,1.34,11.75,26.5,2.15,13.15,36,15.9,0.45,59,181.5,11.7,46.65,0.99,6.2,1.29,1890,0.43,3.7,22,313.5,85,44,3.93,2.44,1.33,4.53,6,3.83,405,1500,8.74,320,4.02,4.12,8.82,25.55,25,8.72,2.15,10.4,8.58,18.5,84,5.28,130,40.7,17.4,10,3.51,1.33,23.3,14.05,0.27,5.84,27.2,147.5,4
122,6/29/21,204.52,228.2,1918.69,3762.02,172.09,2109.23,1683.87,10,5.55,35,435.25,27,61.5,7.32,1.31,12,26.5,2.15,13.4,36.3,16,0.45,59.25,180.5,11.8,46.3,0.96,6.14,1.29,1890,0.43,3.69,21.9,324,85,43.6,3.91,2.47,1.34,4.53,6,3.83,405,1500,8.6,320,4,4.12,9.28,25.45,25,8.8,2.15,10.4,8.58,18,81,5.2,130,40.85,17.4,9.84,3.49,1.4,23.3,14,0.26,5.84,27.8,145.75,4
123,6/30/21,204.14,228.91,1927.53,3772.19,173.53,2103.86,1678.8,9.92,5.55,35.15,450,27,61.5,7.24,1.3,12,26.5,2.16,13.8,36.3,17.4,0.45,59.25,180.75,10.65,44.75,0.98,6.14,1.32,1890,0.43,3.87,21.85,350.5,86.75,42.65,3.94,2.47,1.4,4.53,6,3.83,405,1500,8.66,320,4.22,4.12,10.2,25.5,25,8.36,2.15,10.4,8.5,18.05,81,5.2,129.75,41.45,17.4,10,3.4,1.35,25,14,0.27,5.84,27.8,145.75,4
124,7/1/21,204.19,230.36,1926.93,3788.02,174.87,2108.31,1681.57,9.6,5.55,36,450,26,61.5,7.22,1.35,11.9,26.5,2.3,13.85,36,16.6,0.45,59,180,10.65,44.85,0.94,6.22,1.33,1890,0.44,3.85,21.45,379.75,90,42.5,3.98,2.43,1.4,4.53,6,3.83,405,1500,8.52,320,4.02,4.12,11.2,25.5,25,8.82,2.15,10.4,8.5,18.15,81,5.18,130,42,17.4,10,3.27,1.33,24.3,14,0.27,5.84,27,145.75,4
125,7/2/21,204.7,229.61,1928.42,3781.2,171.21,2114.53,1686.53,9.4,5.55,37.9,450,26,61.5,7.18,1.3,12.5,26.5,2.4,13.4,35.9,16.3,0.45,59,181,10.6,46.7,0.95,6.18,1.37,1890,0.43,3.9,21.55,375.5,94.25,42.5,3.99,2.42,1.39,4.53,6,3.83,405,1500,7.7,320,4,4.12,12.05,25,25,8.96,2.15,10.4,8,18.7,83,5.18,130,41.35,17,10.2,3.4,1.3,24.85,14,0.25,5.54,27,149,4
126,7/5/21,205.26,230.33,1921.39,3797.47,173.97,2124.58,1694.55,9.42,5.55,37.1,449.5,26,61.5,7.14,1.3,12.6,26.5,2.6,13.5,33,16.3,0.45,59,184.5,10.8,46.5,1,6.2,1.38,1890,0.43,3.89,21.85,389.75,94,42.7,4,2.4,1.4,4.53,6,3.83,405,1500,8,320,4,4.12,12.55,25.3,25,8.2,2.15,10.4,7.2,18.05,83,5.18,130,41.4,17.45,10.3,3.74,1.35,24.75,13.7,0.27,5.54,27.05,149,4
127,7/6/21,206.22,230.62,1931.57,3803.01,173.93,2128.95,1698.03,9.68,5.55,37.9,448,26,61.5,7.2,1.26,12,28.75,2.83,13.5,32.35,16.6,0.45,59,184.75,11.85,46.8,1.05,6.24,1.37,1890,0.42,3.89,21.65,390,94,42.95,4,2.4,1.39,4.53,6,3.83,405,1500,8.24,300,4,4.12,12.4,25.4,25,8.76,2.15,10.4,7.2,18.25,80.5,5.14,129.75,41.3,17,10.35,3.4,1.43,25,14,0.27,5.52,27.1,147.25,4
128,7/7/21,208.17,232.2,1939.44,3830.6,174.8,2143.7,1709.8,10,5.55,37.55,440.5,27,65.75,7.32,1.31,12.85,28.75,3.1,13.55,30.5,16.85,0.45,59,184.75,11.85,47.55,1.05,6.5,1.37,1890,0.41,3.9,22,390,94,43.8,4,2.38,1.39,4.53,6,3.83,405,1500,8.56,300,3.98,4.12,12.8,25.5,24.95,8.82,2.15,10.4,7.2,18.3,80,5.18,129.75,41.4,17,10.95,3.1,1.3,24.85,14,0.25,5.48,27.1,140.75,4
129,7/8/21,211.48,234.5,1945.11,3866.74,175.64,2182.08,1740.41,10,5.55,36.95,445.25,27,63.5,7.5,1.3,12,28,3.27,13.6,29.2,16.55,0.45,59,187,10.8,49,0.96,6.24,1.37,1890,0.42,3.91,21.75,390,85.5,45.5,4,2.39,1.37,4.53,6,3.83,405,1500,8,300,3.99,4.12,12.35,25.6,25,8.78,2.15,10.4,7.2,18.95,80,5.1,129.5,41.4,18,10.15,3.1,1.31,24,14,0.26,5.82,27.1,138.25,4
130,7/9/21,211.61,234.19,1951.41,3865.03,175.22,2181.19,1739.7,10.05,5.55,36.55,448.75,26,63,7.5,1.38,12,28,3.39,13.5,26.3,17.15,0.45,59,187.5,10.8,49,0.97,6.16,1.32,1890,0.42,3.9,21.55,390,85,45.5,4,2.43,1.38,4.53,6,3.83,372.75,1500,8,300,4,4.12,12.4,26,25,8.78,2.15,10.4,7.2,18.95,80,5.08,129.5,41.25,19,10.15,3.37,1.29,24.35,14.2,0.27,5.52,27.1,137.5,4
131,7/12/21,209.99,232.52,1943.89,3837.27,174.44,2158.81,1721.85,10.1,5.55,36.65,435.75,26,63.5,7.5,1.39,12,28,3.39,13.55,26,17.15,0.45,58,184.5,10.8,48.65,0.97,6.18,1.34,1890,0.43,3.9,22.15,355,85,44.75,4,2.53,1.37,4.53,6,3.83,372.75,1500,8,300,4,4.12,12.5,25.5,24.95,8.74,2,10.4,7.2,19,80.25,5.02,129.75,41.15,19,10.15,3.37,1.3,25.05,15,0.26,5.82,27.1,138.5,4
132,7/13/21,210.07,232.72,1953.37,3844.58,174.84,2166.17,1726.92,10,5.55,37,441.5,28,63.5,7.52,1.35,12,28,3.37,13.7,26,17,0.45,59.5,188.25,11.8,48,0.97,6.12,1.35,1890,0.44,3.83,21.55,356,85,44.75,4,2.52,1.39,4.53,6,3.83,372.75,1500,8,300,4.1,4.12,12,25.75,25,8.58,2.18,10.4,7.2,19,83.75,5,130.25,41.2,17.1,10.25,3.4,1.31,25.05,14.1,0.25,5.82,27.2,138.5,4.4
133,7/14/21,210.12,234.14,1955.47,3860.78,176.15,2168,1727.58,9.94,5.55,37.15,441.5,28,63,7.64,1.35,12,28,3.08,13.6,24.95,16.8,0.45,63.5,187.5,11.85,48.1,1.05,6.44,1.33,1890,0.43,3.79,21.55,358,93.5,44.6,4,2.5,1.4,4.53,6,3.83,372.75,1500,7.96,300,4.1,4.12,11.6,25.7,25,8.5,2.15,10.4,7.2,19.3,83.75,4.86,129.5,41.75,17.3,10.45,3.22,1.29,25.05,14.1,0.26,5.82,27.8,138.5,4.4
134,7/15/21,212.37,237.58,1969.79,3904.5,178.78,2186.79,1740.13,10,5.55,37.8,445,28,63,7.72,1.35,12,27.5,2.91,13.55,22.5,16.95,0.45,65,188.25,11.85,48.55,0.97,6.56,1.31,1890,0.44,3.7,21.55,385,98.25,44.95,4.32,2.49,1.42,4.53,6,3.83,372.75,1500,7.76,295,4.09,4.12,11,25.65,25,8.44,2,10.4,7.2,19.3,81,4.81,129.5,42.6,18.75,11,3.33,1.3,25,14.9,0.25,5.82,29.7,139.25,4.4
135,7/16/21,211.92,237.37,1972.33,3902.04,178.65,2179.65,1734.45,10,5.55,38.25,438.25,28,63,7.52,1.35,12,30,2.64,13.5,20.25,16.95,0.45,66.25,187,11.85,48.55,0.97,6.54,1.33,1890,0.41,3.7,21.5,385,98,44.85,4.38,2.51,1.41,4.53,6,3.83,372.75,1500,7.8,295,4.04,4.12,10.95,25.95,25,8.82,2,10.4,7.3,19,82.75,4.6,129.75,42.6,18.8,11,3.21,1.17,24,14,0.25,5.82,27.1,152.25,4.4
136,7/19/21,212.08,237.31,1985.02,3897.29,178.61,2181.99,1736.32,10,5.55,38.5,445,28,63.5,7.5,1.33,12,31,2.52,13.45,19.8,17.3,0.45,69,187.75,11,48.55,1.04,6.66,1.32,1890,0.43,3.73,21.5,353.75,98,44.75,4.36,2.52,1.4,4.53,6,3.83,372.75,1500,8.56,290,3.98,4.12,11.05,25.65,24.95,8.82,1.91,10.4,7.2,19.2,82.75,4.94,129.75,42.6,18.75,11.3,3.07,1.15,24.6,15,0.26,5.82,27.1,152.25,4.4
137,7/21/21,211.21,237.12,1985.36,3892.67,178.89,2166.24,1723.78,9.98,5.55,39,445,28,63.5,7.7,1.4,12.25,31,2.58,13.2,19.9,17.25,0.45,68.5,183,11.35,48.3,0.98,6.66,1.34,1890,0.43,3.71,21.5,359.5,92,44.75,4.34,2.51,1.39,4.53,6,3.83,372.75,1500,9.4,290,4,4.12,10.15,26,25,8.98,1.81,10.4,7.2,19.15,84.75,4.84,129.75,42.8,18.95,11.7,3.15,1.25,24.1,14.1,0.27,6.26,27.1,143.5,4.4
138,7/22/21,211.58,237.08,1978.99,3896.89,179.01,2174.24,1730.15,9.88,5.55,39,457,28,63.5,7.7,1.42,12.4,31,2.55,13.45,19.8,17.45,0.45,65,184,11.5,48,0.98,6.68,1.35,1890,0.44,3.75,21.8,359,90,44.75,4.3,2.52,1.39,4.53,6,3.83,372.75,1500,9.98,290,4,4.12,9.46,25.85,25,8.42,1.81,10.4,7.9,19.95,87.5,4.78,129.5,42.8,18.95,11.7,3.15,1.32,24.3,15,0.27,6.1,27.2,138.5,4.14
139,7/23/21,210.92,236.94,1981.91,3895.5,178.98,2165.89,1721.91,9.86,5.55,39.05,457,28.55,67.25,7.7,1.38,12.5,32,2.55,13.1,19.65,17.55,0.45,65,184.5,11.45,47.85,0.98,7.16,1.34,1890,0.4,3.85,22.15,370,90,44.55,4.32,2.52,1.4,4.53,6,3.83,372.75,1500,9.56,280,3.98,4.12,9.06,26.15,25,8.98,1.91,10.4,8.68,19.45,87.5,4.63,129.5,42.8,17.5,11.6,3.45,1.39,24.45,15,0.27,6.1,29.75,138.5,4.03
140,7/26/21,211.99,237.88,1982.24,3911.79,179.45,2179.85,1730.62,9.66,5.55,39.05,463.25,29,67.25,7.68,1.39,12.2,35.2,2.63,13.15,20.25,17.6,0.45,65,186,11.5,48.35,0.98,6.78,1.34,1890,0.4,3.99,22.75,384.5,89,44.8,4.43,2.54,1.39,4.53,6,3.83,372.75,1500,9.48,280,3.99,4.12,9,26.1,24.85,8.72,1.97,10.4,8.78,19.5,87.5,4.6,129.5,42.8,17.5,10.65,3.48,1.39,24.55,14.2,0.25,6.5,29.45,135,4.03
141,7/27/21,211.42,235.25,1983.51,3885.43,177.14,2175.72,1726.54,9.74,5.55,38.4,469.5,29,64.5,7.98,1.33,12.05,35.2,2.67,13.45,21.9,16.15,0.45,66.25,184,11.5,48.5,1.01,6.94,1.33,1890,0.4,3.91,22.9,370.5,89,45,4.46,2.55,1.4,4.53,6,3.83,410,1500,9.54,280,3.98,4.12,8.36,26.4,25,8.72,1.97,10.4,8.78,19.95,89.75,4.51,129.5,41.8,17.5,10.65,3.74,1.39,24.65,14.1,0.25,6.48,29,134,4.03
142,7/28/21,210.95,234.96,1978.03,3880.85,176.92,2170.67,1720.95,9.88,5.55,37.6,461.5,29.5,62.5,8,1.39,12.5,35.2,2.7,13.5,22.45,15.25,0.45,66.25,183,11.5,48.15,0.97,6.56,1.38,1890,0.38,3.82,22.9,370.5,89,45.35,4.45,2.55,1.4,4.53,6,3.83,397,1500,9.48,280,3.97,4.12,7.56,26.8,25,8.94,1.9,10.4,9.1,19.2,88.5,4.52,129.5,41.75,17.5,10.65,3.65,1.39,24.95,14.35,0.25,6.5,29.4,134,4.03
143,7/29/21,212.85,236.56,1987.5,3906.56,177.81,2189.72,1736.05,9.94,5.55,38.4,465,29.5,62,8,1.42,12.4,35.4,2.83,13.55,23.2,15.65,0.45,66,184.5,11.5,49.1,1,6.48,1.37,1890,0.41,3.75,22.95,380,85.5,45.6,4.46,2.56,1.4,4.53,6,3.83,410,1500,9.06,263,4,4.12,8,26.75,25,8.98,1.96,10.4,8.2,19.5,87,4.55,129.5,41.9,17.5,11.6,3.5,1.37,24.95,14.35,0.25,6.5,29.4,135,4.14
144,7/30/21,212.18,236.02,1974.29,3890.09,177.52,2177.64,1726.47,9.94,5.55,38,465,29,62,7.86,1.39,12,35.2,2.96,13.55,23.95,15.45,0.45,65.75,179.5,11.5,48.9,1,6.74,1.3,1890,0.4,3.78,22.95,379,89,45.7,4.41,2.57,1.4,4.53,6,3.83,415,1500,9.06,280,4,4.12,8.28,26.55,25,8.84,2.07,10.4,8.2,19.2,85,4.52,129.5,41.95,17.5,11,3.49,1.37,25.05,14.75,0.23,6.5,30,133.25,4.14
145,8/2/21,211.59,234.66,1972.65,3874.63,176.16,2185.25,1731.71,9.92,5.55,37.5,460.25,29.5,62,8.02,1.35,12.05,35.25,3,13.5,24.7,15.45,0.45,65.5,182.25,11.7,48.9,1,6.94,1.31,1890,0.41,3.77,22.85,375,89,45.7,4.36,2.57,1.39,4.53,6,3.83,415,1500,9.02,304.75,4,4.12,8.04,26.5,25,8.9,2.18,10.4,9,19.45,85,4.53,130.25,41.4,19,11.45,3.33,1.26,24.15,14.85,0.25,6.14,28.3,130,4.14
146,8/3/21,210.92,233.45,1972,3862.24,175.16,2176.92,1725.1,9.82,5.55,37.5,450,29.5,62,8.02,1.34,12,35,3.03,13.55,24.95,15.85,0.45,65,180,11.8,49,0.98,6.94,1.31,1890,0.4,3.74,22.75,370,89.5,45.95,4.24,2.57,1.38,4.53,6,3.83,415,1500,8.24,304.75,3.99,4.12,7.32,26.65,25,8.94,2.19,10.4,8.42,19.95,88.5,4.55,130,41.05,19,11.6,3.5,1.37,24.05,13.8,0.25,6.46,28.3,134.5,4.14
147,8/4/21,211.28,233.78,1973.58,3864.65,175.37,2180.3,1726.99,9.76,5.55,38.5,455,29.75,62,8.02,1.41,12,35,3.05,13.45,24.95,15.65,0.45,64,179.75,12,49.1,0.98,6.92,1.3,1890,0.41,3.66,22.7,370,89.5,46.2,4.19,2.6,1.4,4.53,6,3.83,415,1500,8.24,320,4,4.12,7.16,26.25,25.75,8.62,2.19,10.4,8.42,19.95,90,4.5,132,41.1,19,11.6,3.37,1.35,24.1,14.3,0.25,6.4,31,135,4.14
148,8/5/21,211.94,234.39,1974.95,3871.97,175.89,2184.3,1729.36,9.82,5.55,38.3,450,31.85,64.5,7.94,1.44,12.2,35,3.07,13.55,25,15.65,0.45,65,178.5,12.3,49.4,0.98,6.8,1.31,1890,0.4,3.71,22.3,370,89.5,46.45,4.2,2.68,1.38,4.53,6,3.83,415,1500,8.24,320,4,4.12,6.9,26.2,26.1,8.52,2.18,10.4,8.42,20,90,4.5,130,41.25,19,11,3.15,1.28,24.3,14.55,0.26,6.4,31,134.5,4.14
149,8/6/21,213.71,237.46,1974.46,3917.17,178.5,2206.44,1746.09,9.8,5.55,38,454,32.4,64.25,7.9,1.44,12.25,35,3.1,13.65,25.95,15.55,0.45,65.75,179,12.15,50,0.98,6.98,1.32,1890,0.41,3.75,22.55,370,87,46.75,4.21,2.58,1.4,4.53,6,3.83,415,1500,9.06,300,4,4.12,6.96,26.2,24.75,8.48,2.18,10.4,9,20,92.5,4.46,131,42.1,18.55,10.8,3.15,1.31,24.75,13.8,0.27,6.4,31,134.5,4.5
150,8/9/21,214.4,239.72,1976.98,3936.49,180.46,2213.92,1751.2,9.8,5.55,38,445.5,32.4,68,7.9,1.43,12.25,35,3.18,13.65,25.6,15.75,0.45,65.75,179.25,12.15,50.25,0.96,6.78,1.32,1890,0.41,3.7,22.5,361.5,87,46.6,4.15,2.58,1.38,4.53,6,3.83,415,1500,9.28,300,4,4.12,6.48,25.85,24.95,9.1,2.2,10.4,9,19.5,86.5,4.62,131.5,42.95,20,10.65,3.37,1.36,24.95,14,0.25,6.4,31,134.5,4.5
151,8/10/21,214.6,239.66,1975.02,3939.02,180.53,2216.76,1750.24,9.8,5.55,38.8,450,32.4,68,8.02,1.44,12.45,35,3.16,13.8,25.35,15.5,0.45,65.25,179.25,11.3,50.25,0.96,6.96,1.32,1890,0.4,3.71,22.45,360.25,85,46.45,4.14,2.6,1.39,4.53,6,3.83,415,1500,9.28,300,3.98,4.12,6.2,25.5,24.85,8.78,2.02,10.4,8.66,19.95,89.75,4.43,131,42.95,20,10.8,3.38,1.31,24.05,14.05,0.25,6.4,31,134.75,4.5
152,8/11/21,214.67,239.7,1962.25,3934.24,180.56,2216.91,1748.75,9.92,5.55,37.95,450.5,35.4,67.75,7.88,1.44,12.5,35,3.1,13.75,25.2,15.6,0.45,65,179,11.35,50.25,1.01,6.76,1.4,1890,0.39,3.71,22.55,360,85,46.6,4.12,2.55,1.39,4.53,6,3.83,415,1500,8.38,300,4,4.12,5.92,25.45,24.95,8.5,2.2,10.4,8.66,19.8,86,4.4,131,42.95,20,11.55,3.46,1.38,23.9,14.95,0.25,6.4,31,134.75,4.59
153,8/12/21,214.7,239.91,1952.28,3933.23,180.67,2219.95,1750.34,9.76,5.55,38,452,35.4,67.75,7.9,1.44,12,31.5,3.05,13.7,25.5,15.55,0.45,65,179,11.3,50.25,0.96,7,1.35,1890,0.38,3.71,22.7,358.75,85,46.9,4.13,2.5,1.35,4.53,6,3.83,415,1500,8.4,300,4,4.12,6.06,25.1,24.9,8.24,2,10.4,8.66,19.95,86,4.4,131,43,20,11.15,3.18,1.36,23.9,14,0.24,7,31,137,4.2
154,8/13/21,215.74,240.61,1961.07,3950.14,181.18,2233.26,1759.23,9.78,5.55,38.15,453,38.25,67.75,8.3,1.44,12.45,31.5,3.15,13.8,25.55,15.45,0.45,64.5,179,11.3,51,1,6.9,1.32,1890,0.36,3.72,22.75,358.75,85,47.15,4.05,2.5,1.36,4.53,6,3.83,415,1500,8.4,300,4,4.12,5.92,25.4,25,8.46,1.98,10.4,8.66,19.3,86,4.36,130.75,43,20,11.55,3.17,1.35,24.5,14,0.25,7,29.05,130.75,4.2
155,8/16/21,217.41,242.9,1973.23,3975.42,182.96,2245,1766.86,9.8,5.55,38.15,456,38.55,67.75,8.22,1.45,12.45,34.5,3.16,13.8,25.6,15.55,0.45,64.25,177,11.3,51,0.95,6.96,1.32,1890,0.37,4,22.95,358.75,82.25,48.1,4.17,2.51,1.4,4.53,6,3.83,415,1500,9.24,300,4,4.12,5.5,25.3,25,8.82,2,10.4,8.66,19.7,86,4.35,131,43.6,20,11.5,3.17,1.31,24.95,14.9,0.23,6.86,29.05,131,4.14
156,8/17/21,222.67,249.3,1996.26,4075.27,187.46,2301.41,1810.43,10,5.55,38.4,457,38.55,67.75,8.04,1.42,12.45,34.5,3.1,13.7,25.35,15.5,0.45,64,180,12.4,53,0.93,6.98,1.35,1890,0.38,3.9,22.8,359.75,82,49.9,4.19,2.48,1.39,4.53,6,3.83,415,1500,9.24,300,4,4.12,5.24,25.4,25.1,9.1,2,10.4,8.66,19.9,94,4.37,131,44.9,18,11.1,3.29,1.33,24.5,14.9,0.23,6.56,29.05,135,4.14
157,8/18/21,223,247.94,2000.76,4068.32,185.93,2304.59,1812.1,10.15,5.55,38.7,461,38.55,64.5,8.38,1.42,11.75,35,3.02,13.75,25.35,15.55,0.45,64,180,13.5,54,1,7,1.35,1890,0.41,3.9,22.8,360,82,49.7,4.14,2.46,1.39,4.53,6,3.83,415,1500,8.42,300,3.99,4.12,4.79,26.15,24.95,9.12,2.2,10.4,8.66,19,92,4.32,130.25,44.2,18,11.3,3.45,1.29,24.3,14.9,0.24,6.56,30,131,4.14
158,8/19/21,219.72,245.02,2005.77,4028.92,184.47,2267.34,1782,10.25,5.55,39,460,38.55,64.5,8.2,1.44,11.7,35,2.83,13.7,25.85,15.6,0.45,64,180,13.5,52.25,1.07,7,1.35,1890,0.41,3.95,22.9,360,82,48.15,4.21,2.47,1.4,4.53,6,3.83,382,1500,8.38,300,3.99,4.12,4.93,27.05,25.3,9.46,2.2,10.4,8.66,19.7,91.25,4.29,134.5,43.85,19.55,11.3,3.48,1.24,24.5,14.4,0.26,6.5,32.75,131,4.14
159,8/20/21,220.84,246.93,2015.77,4056.31,186.33,2277.5,1789.99,10.15,5.55,38.75,469,38.55,67.75,8.28,1.42,11.7,35,2.78,13.7,26,15.75,0.45,65,180,14.4,52.5,0.98,7,1.32,1890,0.37,3.98,23,360,82,47.95,4.49,2.47,1.39,4.53,6,3.83,382,1500,9,300,4,4.12,5.22,27.1,24.95,9.78,2.2,10.4,8.66,20,94,4.03,134.75,44.45,19.55,11.9,3.3,1.24,25.2,14.4,0.25,6.54,32.75,131,4.14
160,8/23/21,222.2,248.77,2020.37,4081.23,187.86,2288.25,1797.61,10.3,5.55,38.75,469,38.55,66,8.18,1.46,11.75,35,2.77,13.7,26,15.95,0.45,65,180,13.25,53,0.97,7.04,1.3,1890,0.37,3.98,22.85,360,82,48,4.58,2.46,1.4,4.53,6,3.83,415,1500,8.2,300,3.99,4.12,5.24,26.95,25,9.64,2.2,10.4,8.5,19.95,94.25,3.99,136.25,44.95,19,11.3,3.48,1.24,26,14.4,0.25,6.64,32.75,132.5,4.14
161,8/24/21,222.84,249.12,2030.87,4088.73,188.2,2286.86,1795.7,10.55,5.55,39.05,466,38.55,66,8.24,1.43,11.6,35,2.81,13.8,26,16.15,0.45,66.75,178.5,13.25,53,0.99,7.02,1.32,1890,0.38,3.96,22.8,360.75,82,48.15,4.74,2.47,1.37,4.53,6,3.83,415,1500,8.2,300,3.99,4.12,5.28,27.15,25.1,9.44,2.2,10.4,8.66,20,95,3.97,139,44.95,17.65,11.3,3.5,1.24,25.15,15,0.24,7.2,32.75,132.75,4.14
162,8/25/21,222.93,248.08,2032.09,4071.48,187.22,2280.77,1789.28,10.55,5.55,38.6,467,38.55,62,8.22,1.44,11.85,35,2.73,13.95,26.45,16.85,0.45,65.25,175.75,13.25,53,0.95,7.04,1.32,1890,0.4,3.85,22.8,360,82,48.25,4.89,2.5,1.39,4.53,6,3.83,415,1500,8.6,300,3.96,4.12,5.12,26.6,25,9.48,2.2,10.4,8.28,19.85,95,3.88,139,44.6,17.65,11.3,3.8,1.29,25.15,14.5,0.24,7.1,33.15,133.5,4.14
163,8/26/21,224.46,248.85,2038.77,4092,187.4,2292.84,1797.94,10.95,5.55,38.45,466,38.55,66,8.08,1.44,11.55,35,2.9,13.85,26.35,17.05,0.45,65.5,178,13,54,0.91,6.96,1.31,1890,0.39,3.79,22.95,360,82,48.3,4.98,2.51,1.39,4.53,6,3.83,415,1500,8.56,300,4,4.12,4.91,26.8,25.1,9.92,2.09,10.4,8.2,19,95,3.61,140,44.45,18.35,11.3,3.5,1.24,25.5,14.7,0.26,7.1,33.15,133.5,3.81
164,8/27/21,224.71,248.89,2034.3,4093.06,187.2,2296.97,1800.36,11,5.55,38,466,38.55,66.75,8.12,1.45,11.5,35,2.75,13.8,26.3,17.05,0.45,65.25,178.5,13,54.25,0.98,6.78,1.31,1890,0.4,3.99,23,360,82,48.55,4.92,2.48,1.39,4.53,6,3.83,415,1500,8.58,300,3.99,4.12,5.28,26.45,25.15,9.94,2.1,10.4,8.2,18.65,95,3.57,140,44.35,17.95,11.3,3.67,1.32,26,14.7,0.26,7.06,33.15,133.5,4.19
165,8/30/21,223.4,247.01,2032.02,4077.76,185.71,2287.72,1793.11,11,5.55,37.5,466,40,66.5,8.28,1.52,11.6,35,2.84,13.75,28.5,16.7,0.45,65.5,178.5,14,54,0.95,6.7,1.35,1890,0.36,3.86,23,375,88.5,48.65,4.68,2.48,1.39,4.53,6,3.83,415,1500,8.84,300,4,4.12,5.22,27.6,25.1,10.1,2.14,10.4,7.5,19.85,95.25,3.57,140,43.7,18.65,10.45,3.88,1.31,25.55,15,0.25,7,33,137,4.6
166,8/31/21,220.86,243,2020.77,4018.77,182.33,2256.92,1768.16,10.95,5.55,37.55,460,40,66.5,8.18,1.58,11.5,33.5,2.75,13.65,28.05,16.8,0.45,65,175.75,14,53.25,0.95,6.54,1.35,1890,0.36,3.77,23.25,374,88.5,48.5,4.71,2.48,1.4,4.53,6,3.83,410,1500,8.96,320,4,4.12,5.34,28.15,25,10.15,2.2,10.4,7.5,18.7,91,3.6,138.25,42.6,18.65,10.5,3.88,1.27,25.75,15,0.25,7,33,137,4.6
167,9/1/21,219.7,242.19,2026.14,4004.08,182.03,2243.91,1757.97,10.9,5.55,37.5,456.5,40,66.5,8.3,1.58,11.45,33.5,2.9,13.55,30.1,16.85,0.45,65.25,176.75,14,52.5,0.98,6.98,1.35,1890,0.38,3.71,23,374,88.5,48,4.83,2.45,1.39,4.53,6,3.83,383.25,1500,8.5,320,4.02,4.12,5.74,28.05,25,9.68,2.01,10.4,7.5,18.5,91,4.06,137.75,42.6,18,10.5,3.88,1.3,25.3,14.05,0.25,7,33,135,4.55
168,9/2/21,217.1,240.06,2024.4,3969.97,180.97,2223.21,1740.17,10.5,5.55,38,465,39.95,66.5,8.3,1.6,11.45,35,2.9,13.45,31.45,16.85,0.45,65.25,175.75,14,51.5,1.03,6.96,1.34,1890,0.39,3.69,22.7,365,88.5,47.15,4.6,2.48,1.38,4.53,6,3.83,383.25,1500,8.32,320,4.03,4.12,6.3,27.95,25.1,9.66,2.1,10.4,7.8,18.5,94,4.33,136.5,42.45,18.05,10.5,3.5,1.33,25.05,14.95,0.26,7,33,135,4.2
169,9/3/21,215.03,237.97,2025.37,3932.5,179.47,2197.99,1720.43,10.55,5.55,38.05,461.75,36,67.5,8.3,1.6,11.5,35,2.84,13.4,32.9,16.85,0.45,65,175.5,14,49.9,1.02,6.84,1.33,1890,0.39,3.66,22.75,360,88.5,46.8,4.73,2.5,1.36,4.53,6,3.83,383.25,1500,8.3,320,3.99,4.12,6.88,27.2,25,9.76,2.2,10.4,8.56,18.7,94,4.63,136.25,42.15,18.65,10.5,3.5,1.33,25.15,14.95,0.26,7,33,135,4.2
170,9/6/21,213.53,236.73,2038.45,3905.97,178.84,2178.04,1704.04,10.4,5.55,39.75,460.5,36,65.5,8.3,1.6,11.1,35,2.77,13.55,33,16.7,0.45,65,171.25,12.95,49.2,1.01,6.9,1.32,1890,0.38,3.61,22.5,365,90,46.25,4.69,2.5,1.49,4.53,6,3.83,383,1500,8.28,320,3.99,4.12,7.56,27.05,25,9.98,2.2,10.4,9.4,18.7,91,5.06,135.5,42.15,18.1,10.5,3.63,1.33,25.05,14.95,0.24,6.32,32.95,142.25,4
171,9/7/21,213.58,235.69,2053,3893.52,177.65,2181.01,1706.2,10.3,5.55,39.8,463.75,36,67.75,8.22,1.59,11.05,35,2.76,13.45,32.95,16.85,0.45,64.5,175.5,12.95,49.05,0.96,6.9,1.34,1890,0.38,3.67,22.6,360.25,90,46.35,4.86,2.51,1.55,4.53,6,3.83,383,1500,8,320,4,4.12,8.08,27.1,25,9.74,2.2,10.4,9,18.7,91,5.56,135.25,41.6,18.1,10.7,3.48,1.4,25.15,15,0.25,6.3,32.95,142.25,4
172,9/8/21,214.46,237.01,2066.46,3909.72,178.74,2188.82,1711.7,10.3,5.55,38.6,463,35,69.75,8.22,1.6,11.1,35,2.8,13.45,32.65,16.85,0.45,64.75,175,13,49.6,0.96,7.02,1.35,1890,0.39,3.66,22.5,353.5,88.5,46.3,4.94,2.5,1.7,4.53,6,3.83,385.25,1500,8.2,320,3.99,4.12,8.08,27.4,25.15,9.82,2.2,10.4,8.54,18.8,89.25,5.74,135.25,42,18,10.85,3.48,1.38,25.2,15.45,0.26,6.6,32.95,142.25,4
173,9/9/21,215.01,238.44,2062.22,3931.36,179.98,2193.73,1719.44,10.3,5.55,38.95,460,32.65,68.5,8.32,1.6,11.1,33.5,2.81,13.35,32.4,16.85,0.45,64.25,175,12.85,49.85,0.94,7.18,1.35,1890,0.4,3.73,22.5,358,88.5,46.3,4.95,2.52,1.62,4.53,6,3.83,385.25,1500,8.04,320,4,4.12,7.42,27.65,25.5,9.78,2.01,10.4,8.58,19.5,90.5,5.46,135,42.5,18,9.92,3.8,1.38,25.25,15.45,0.26,6.9,32.95,134,4
174,9/10/21,216.56,239.44,2063.44,3948.99,180.14,2209.77,1731.22,10.4,5.55,38.15,462,29.8,74.5,8.34,1.59,11,33.5,2.8,13.4,32.25,16.95,0.45,64,175,13.8,51,0.92,7.16,1.35,1890,0.39,3.79,22.5,359.25,88.5,46.6,4.98,2.52,1.58,4.53,6,3.83,385.25,1500,7.64,320,4,4.12,6.82,27.65,25.55,9.72,2.01,10.4,8.58,20.15,89.25,5.56,135,42.5,18,9.92,3.54,1.38,25.7,14.95,0.26,6.66,32.95,134,4.4
175,9/13/21,217.49,239.9,2061.36,3963.37,180.3,2219.75,1739.04,10.45,5.55,37.1,461,30,75,8.3,1.58,11,32.6,2.82,13.4,32.05,17,0.45,65,174.75,13.45,52,0.96,7.2,1.33,1890,0.39,3.81,22.5,360,88.5,46.8,4.96,2.52,1.61,4.53,6,3.83,385.25,1500,8.34,320,4,4.12,6.18,28,25.6,9.36,2.02,10.4,8.58,20.45,90.75,5.36,135,42.4,18,9.92,3.85,1.38,25.65,15,0.25,7.16,32.95,141.25,4.4
176,9/14/21,217.09,239.64,2059.33,3960.07,180.23,2212.47,1732.55,10.6,5.55,37.15,455.5,29.05,74.25,8.32,1.48,11,32.6,2.85,13.35,32,17.1,0.45,63.25,175,13.45,51.5,0.94,7.12,1.35,1890,0.4,3.87,22.6,360,88.5,46.75,4.93,2.6,1.62,4.53,6,3.83,385.25,1500,8.3,320,4,4.12,5.9,28,25.45,9.1,2.1,10.4,8.6,20.75,91,5.4,135,42.45,17.7,10.7,3.73,1.32,25.55,15,0.24,7,32.95,140,4.4
177,9/15/21,215.83,239.12,2046.58,3949.56,179.81,2201.48,1723.16,10.6,5.55,37.25,451,28,74.25,8.34,1.55,11.15,32.6,2.82,13.05,32,17.05,0.45,63.5,175,13.45,51,1.02,7.04,1.34,1830,0.4,3.9,22.95,360,90,46.85,4.67,2.6,1.6,4.53,6,3.83,385.25,1500,8.26,350,4,4.12,5.98,27.75,25.6,9,2.17,10.4,8.7,20.3,91,5.38,134.25,42.45,16.05,11,3.51,1.34,25.5,15,0.22,7,32.95,140,4.4
178,9/16/21,217.3,240.33,2051.8,3965.48,180.52,2216.92,1734.46,10.45,5.55,37.95,455,28,74.25,8.3,1.57,11.35,32.6,2.79,13.1,31.65,17,0.45,63.25,175,13.45,52,1.01,6.9,1.31,1830,0.4,4,22.8,360,90,46.95,4.82,2.53,1.7,4.53,6,3.83,385.25,1500,7.72,350,4,4.12,6.32,27.65,25.2,9.26,2.02,10.4,8.52,20.3,91,5.22,131,42.65,16.05,11.45,3.44,1.35,25.5,15,0.21,7,32.95,140,4.4
179,9/17/21,220.82,243.89,2061.45,4015.08,182.75,2257.99,1764.98,10.35,5.55,37.55,450,28.45,74.25,8.32,1.59,11.55,32.6,2.71,13.5,32,17,0.45,62.75,176,13.45,53.25,1.01,7.02,1.35,1830,0.4,3.92,22.65,350.25,90,48.55,4.85,2.53,1.7,4.53,6,3.83,385.25,1500,8,320,4.14,4.12,6.46,27.65,25.1,9.26,2,10.4,8.48,20.15,91,5.2,134.5,43.2,16.05,11.5,3.44,1.37,25.5,15.5,0.22,7,32.95,140,4.4
180,9/20/21,219.53,242.53,2056.99,3994.19,181.64,2243.45,1752.82,10.35,5.55,37.45,449.25,28,74.25,8.24,1.6,11.85,31,2.74,13.25,32,17,0.45,63.25,175,14,53,0.97,7,1.35,1830,0.4,3.84,22.65,350,90,48.35,4.8,2.5,1.68,4.53,6,3.83,385.25,1500,8.3,320,4.03,4.12,6.4,27.85,25,9.82,2,10.4,8.4,19.65,91,5.12,133.25,42.9,16.05,11.5,3.4,1.37,24.05,15,0.22,7,32.95,140,4.4
181,9/21/21,216.85,238.26,2039.21,3934,178.2,2212.84,1727.34,10.5,5.55,37.2,445.75,28,74.25,8.22,1.53,11.45,31,2.69,13.3,32,17,0.45,64,174,13,51.75,1.02,7,1.35,1830,0.4,3.93,22.65,347,90,47.95,4.74,2.5,1.68,4.53,6,3.83,385.25,1500,8.12,320,4.3,4.12,6.78,26.95,25.05,9.12,2,10.4,8.44,19.9,91,5.2,130.5,41.8,17.45,11.5,3.27,1.4,25.35,16,0.23,6.6,30,134,4.61
182,9/22/21,215.8,237.57,2043.06,3930.22,178.2,2202.16,1717.45,10.5,5.55,36.85,445,27.85,72.75,8.16,1.55,11.9,31,2.68,13.55,32,17.05,0.45,64,173.25,13,51.25,0.98,7,1.35,1855,0.4,3.99,22.9,350,90,47.05,4.75,2.5,1.68,4.53,6,3.83,385.25,1500,8.04,320,4,4.12,6.9,27.85,25.05,9.08,2,10.4,8.26,19.95,91,5.4,130.25,41.85,17.45,11.75,3.21,1.3,24.5,16,0.24,6.86,30,134,4.61
183,9/23/21,215.42,237.54,2046.17,3926.62,178.33,2194.21,1711.25,10.6,5.55,37.85,445.5,27.95,72.75,8.08,1.56,11.5,31,2.69,13.2,29.75,17,0.45,64,173.5,13,50.75,0.97,6.94,1.35,1855,0.4,3.96,22.6,350,90,47.2,4.76,2.5,1.69,4.53,6,3.83,385.25,1500,8.14,320,4.2,4.12,7.32,28,25.2,9.12,2,10.4,7.66,20,92,5.38,130.75,41.95,17.45,11.75,3.34,1.3,24.85,16,0.22,6.86,30,138,4.5
184,9/24/21,214.88,237.1,2039.75,3918.47,177.81,2189.35,1709.01,10.55,5.55,38,446,27.9,71,8.08,1.56,12,31,2.73,13.2,26.8,17.05,0.45,63.5,173.5,12.8,50.5,1.05,6.98,1.33,1855,0.39,4.08,23,368.75,90.75,47.1,4.7,2.5,1.71,4.53,6,3.83,390,1500,8.14,320,4.05,4.12,7.16,27.05,25,9.1,2,10.4,7.9,20.1,92,5.4,130,41.8,17.45,11.9,3.5,1.35,24.75,15.35,0.22,6.78,30,138,4.5
185,9/27/21,215.12,237.34,2055.4,3924.61,178.07,2191.33,1709,10.6,5.55,37.75,447,28.35,72.25,8.14,1.54,12,31,2.82,13.25,26.85,17.35,0.45,63.75,174,13.9,50.5,1.09,6.9,1.35,1855,0.38,3.98,22.8,368.75,90.75,47,4.71,2.5,1.7,4.53,6,3.83,390,1500,7.76,320,4.2,4.12,6.54,27.4,25.05,9.8,2,10.4,7.9,20.25,92,5.58,130,41.85,17.45,11.9,3.32,1.4,24.75,15.8,0.23,6.78,30,140,4.5
186,9/28/21,214.71,236.46,2047.82,3910.68,177.2,2186.67,1703.82,10.55,5.55,37.9,445.75,28,72.25,8.16,1.55,11.45,34,2.93,13.1,27,17.5,0.45,63.5,174,13.8,50.75,1.04,6.86,1.35,1855,0.4,3.87,22.8,368.75,90,46.9,4.7,2.5,1.71,4.53,6,3.83,390,1500,8.02,320,4.19,4.12,6.54,26.7,24.65,9.66,2,10.4,8.2,20.2,92,5.54,129.75,41.55,17.45,12,3.5,1.4,25.4,15.35,0.24,7,30,139.25,4.5
187,9/29/21,214.24,236.06,2030.15,3895.96,177.04,2180.39,1699.55,10.55,5.55,37.55,446,28,72.25,8.12,1.55,11.95,34,2.99,13.05,27.15,17.45,0.45,62.25,172,13,50.75,1.09,6.78,1.34,1855,0.4,3.85,22.8,350,90,46.7,4.65,2.5,1.72,4.53,6,3.83,390,1500,8.02,300,4,4.12,6.38,25.75,24.35,9.04,1.88,10.4,8.2,20.05,92,5.54,129.75,41.65,17.4,11.5,3.42,1.39,25.4,15.35,0.24,7,30,139.25,4.5
188,9/30/21,215.09,237.4,2031.17,3914.52,178.31,2189.76,1706.23,10.55,5.55,37.5,451,28,71,8.08,1.53,11.95,34,2.98,13.35,27.15,17.6,0.45,62.25,170.75,13,50.75,1.16,6.76,1.33,1855,0.4,3.87,22.8,350,90,46.75,4.65,2.5,1.72,4.53,6,3.83,384.5,1500,8.12,300,4,4.12,6.84,26,23.35,9.5,1.88,10.4,8.2,20,92,5.26,130.25,42.1,17.4,11.5,3.26,1.39,25.35,15.35,0.24,7,30,139,4.45
189,10/1/21,216.25,240.5,2038.08,3952.17,181.23,2202.53,1715.4,10.5,5.55,37.85,451,28,68,8.08,1.58,11.85,35,2.96,13.4,28.1,17.85,0.45,63.5,172,13.9,50.5,1.22,6.9,1.33,1855,0.4,3.96,22.75,350,89.75,46.75,4.7,2.5,1.74,4.53,6,3.83,384.5,1500,8.12,300,4,4.12,6.88,26,23,9.88,2,10.4,8.2,20,92,4.99,130.75,43.2,17.4,11.5,3.42,1.27,25.6,16,0.24,7,30,140,4.39
190,10/4/21,215.67,240.78,2027.64,3944.31,181.92,2196.25,1709.74,10.4,5.55,37.4,448.75,30.75,71.5,8.06,1.51,11.5,36,2.88,13.45,30.9,17.75,0.45,63.25,170.25,13.9,50,1.18,6.92,1.34,1855,0.4,3.87,22.4,350,89.75,46.6,4.71,2.5,1.84,4.53,6,3.83,384.5,1500,8,300,4.01,4.12,6.8,25.95,22.5,9.46,1.95,10.4,7.9,19.1,88,5,130.5,43.6,17.4,11.5,3.26,1.32,25.5,16,0.23,6.62,30,139.25,4.39
191,10/5/21,212.79,237.39,2015.81,3901.11,179.69,2164.97,1684.63,10.25,5.55,37,449.5,30.1,71.5,8.06,1.49,11.55,36,2.82,13.35,31.85,17.5,0.45,63,166.5,14,49.9,1.14,6.76,1.31,1855,0.4,3.84,22.4,350.25,89.75,45.2,4.74,2.48,1.82,4.53,6,3.83,384.5,1500,7.94,300,4.2,4.12,6.32,25.75,22.45,9.04,2,10.4,7.9,19.95,92,5.1,131.25,42.95,17.4,11.5,3.25,1.33,25.3,16,0.22,6.6,30,139.5,4.21
192,10/6/21,212.69,237.31,2018.13,3895.54,179.49,2163.17,1682.47,10.3,5.55,36.05,450,28,71.5,8.06,1.5,11.45,36,2.83,13.3,32,17.5,0.45,63,166.75,13,49.45,1.18,6.96,1.31,1855,0.4,3.88,22,350.25,89.75,45.5,4.8,2.5,1.78,4.53,6,3.83,384.5,1500,7.86,300,4.05,4.12,6.9,25.55,22.55,9.7,2,10.4,7.9,19.1,92,5.02,131,42.95,16.1,12,3.39,1.39,25.25,16.5,0.22,6.62,30,135,4.4
193,10/7/21,211.72,235.43,2002.23,3868.38,177.7,2152.64,1673.52,10.25,5.55,36.9,448,28,71.5,7.94,1.55,11.5,36,2.74,13.2,32,17.5,0.45,62.25,165,13,49.3,1.15,6.84,1.32,1855,0.39,3.83,22,350,89.75,45.9,4.66,2.48,1.77,4.53,6,3.83,384.5,1500,7.86,300,4.05,4.12,6.32,25.2,22.35,9.16,1.92,10.4,7.9,19.1,93.5,5,130,42.35,16.1,11.55,3.41,1.4,25.25,16.5,0.23,6.7,29.6,137.5,4.4
194,10/8/21,211.3,233.55,1992.92,3834.9,175.82,2145.35,1667.85,10.25,5.55,37.05,445.5,30,70.5,8.08,1.52,11.65,36,2.81,13.15,30.65,17.4,0.45,60.5,164.75,13,49.35,1.14,6.62,1.35,1855,0.4,3.69,21.8,350,89.75,46.1,4.78,2.5,1.79,4.53,6,3.83,384.5,1500,7.8,300,4.11,4.12,5.8,25.25,22.35,9.12,1.95,10.4,7.9,19,86.25,4.93,129.25,41.65,16.1,11.9,3.14,1.4,25.25,16.5,0.23,6.64,29.6,135,4.4
195,10/12/21,210.9,233.75,1981.44,3832.73,176.09,2145.05,1666.86,10.15,5.55,36.3,445,30,70,7.64,1.52,11.8,36,2.81,13.1,30,17.2,0.45,60.25,164.75,12,49.5,1.05,6.5,1.35,1855,0.4,3.7,21.55,350,89,45.8,4.7,2.5,1.77,4.53,6,3.83,384.5,1500,7.8,300,3.99,4.12,6.32,25.05,22.45,9.3,1.95,10.4,8.2,19.85,86.25,4.95,129,41.85,16.1,12,3.14,1.4,24.65,16.5,0.24,6.8,30,135,4.4
196,10/13/21,209.96,233.43,1974.15,3828.16,176.17,2135.03,1658.33,10.1,5.55,36.15,441.25,30,70,7.56,1.51,11.55,36,2.77,13.1,30,17.45,0.45,60.25,163.5,12,49.15,1.06,6.5,1.35,1855,0.38,3.77,21.7,350,87.25,45.4,4.65,2.45,1.77,4.53,6,3.83,384.5,1500,8.14,300,4,4.12,6.4,25.35,22.25,9.04,1.91,10.4,8.1,19.15,86.25,5.04,128.75,42,17.1,11.95,3.14,1.4,25,16,0.24,6.5,30,135,4.4
197,10/14/21,210.12,234.3,1972.91,3840.4,177.1,2134.84,1658.19,10.25,5.55,37,439.75,28.2,70,7.56,1.5,11.75,36,2.79,13.05,30,17.5,0.45,60,163,13,49.25,1.09,6.5,1.35,1855,0.38,3.74,21.6,340,87.25,45.05,4.53,2.46,1.77,4.53,6,3.83,384.5,1500,7.78,330,3.97,4.12,5.94,25.7,22,9.04,1.91,10.4,8.1,19.1,86.25,4.9,129.25,42.45,16.9,11.95,3.11,1.29,24.65,15.45,0.24,6.48,30,134.5,4.4
198,10/15/21,210.88,236.31,1970.44,3867.27,178.86,2146.28,1666.31,10.15,5.55,37,435.5,28.2,70,7.64,1.48,11.7,36,2.69,13,30,17.5,0.45,59.5,164.75,13,49.5,1.09,6.54,1.33,1855,0.39,3.71,21.5,348.5,88,45.1,4.57,2.46,1.7,4.53,6,3.83,384.5,1500,7.78,330,3.95,4.12,5.94,25.75,22.15,9,2,10.4,8.1,19.05,86,4.91,128.25,43.1,16.9,11.95,3.15,1.4,24.45,16,0.23,6.66,30,130.75,4.4
199,10/18/21,210.64,235.67,1962.74,3857.89,178.36,2140.23,1660.87,10.1,5.55,37.65,430,28,70,7.66,1.5,11.2,36,2.69,12.85,30.8,17.5,0.45,58.25,164.75,13,49.85,1.04,6.52,1.33,1855,0.37,3.72,21.55,350,87.5,44.8,4.79,2.45,1.68,4.53,6,3.83,384.5,1500,8,330,3.96,4.12,6.36,25.55,21.75,8.54,1.98,10.4,8.1,20,86,4.9,129,42.9,16.9,11.5,3.01,1.4,24.3,16,0.23,6.66,30,130.75,4.4
200,10/19/21,209.47,233.36,1959.67,3831.25,176.35,2127.29,1649.35,10.2,5.55,37.35,430,27.5,70,7.5,1.47,11.3,36,2.69,12.75,30.8,17.5,0.45,57.75,165,13,49.65,1.05,6.54,1.35,1855,0.36,3.98,21.5,350,87.5,44.6,4.72,2.46,1.68,4.53,6,3.83,384.5,1500,7.7,330,3.98,4.12,6.08,25.1,21.65,8.94,2,10.4,8,21.5,90,4.75,129.25,42.15,16.15,11.5,3.07,1.37,24.65,16.25,0.22,6.9,30,130.75,4.4
201,10/21/21,210.03,234.64,1961.32,3848.81,177.39,2141.46,1661.08,10.05,5.55,37,437.5,27.5,70,7.54,1.48,11.25,36,2.65,12.7,30.6,17.5,0.45,58,170,13.2,49.5,1,6.98,1.35,1855,0.39,3.85,21.5,350,87.5,44.45,4.76,2.45,1.7,4.53,6,3.83,384.5,1500,7.8,330,3.97,4.12,5.54,25.1,21.75,8.94,2,10.4,7.82,20.25,90,4.58,129.5,42.5,16.1,11.5,3.14,1.37,24.25,16.5,0.22,6.9,30,131,4.31
202,10/22/21,210.49,235.84,1960.75,3865.42,178.54,2146.74,1663.67,10.05,5.55,37,435.5,28,70,7.5,1.44,11.2,36,2.63,12.75,30.9,17.5,0.45,58.25,169.25,13.2,49.95,0.9,6.98,1.35,1855,0.39,3.76,21.5,350,87.5,44.2,4.72,2.45,1.69,4.53,6,3.83,384.5,1500,7.76,330,3.95,4.12,5.06,25,21.75,8.98,2,10.4,7.62,21,90,4.59,129.25,42.95,15.3,11.65,3.02,1.38,24.3,16.45,0.22,6.84,30,130.75,3.88
203,10/25/21,208.82,233.48,1945.2,3830.6,176.59,2126.45,1647.21,10.1,5.55,36.85,436.25,27.5,70,7.54,1.34,11.4,36,2.65,12.6,30.75,17.5,0.45,58.75,167,12.75,49.5,0.98,6.78,1.35,1855,0.37,3.69,21.5,350,87.5,44,4.73,2.46,1.65,4.53,6,3.83,384.5,1500,7.8,330,3.95,4.12,4.84,24.85,20.2,8.22,2,10.4,8,19.8,90,4.88,129.5,42.35,15,11.6,3.15,1.27,24.55,16.6,0.22,6.52,30,130.75,3.88
204,10/26/21,208.62,232.78,1946.97,3821.81,175.77,2123.21,1644.7,10.1,5.55,36.3,435,27.5,64.5,7.56,1.34,11.5,35,2.6,12.55,30.5,17.55,0.45,59.75,166,12.75,49.9,1.04,6.58,1.35,1855,0.4,3.75,21.5,350,85,43.95,4.73,2.43,1.65,4.53,6,3.83,384.5,1500,7.5,330,3.74,4.12,5,24.65,21.25,8.32,1.91,10.4,8,19,90,4.8,129.25,42.05,14.75,11.5,3,1.26,24.55,16.95,0.23,6.32,30,130.75,3.5
205,10/27/21,208.61,232.64,1955.23,3825.51,175.82,2122.26,1644.7,10.15,5.55,36.5,432.5,27.5,70,7.72,1.33,11.55,35,2.48,12.55,30.7,17.5,0.45,58.75,166,12.45,49.9,1,6.88,1.35,1855,0.39,3.75,21.5,350,85,44,4.75,2.4,1.69,4.53,6,3.83,385,1500,8,330,3.82,4.12,5.4,24.55,21.25,8.46,1.85,10.4,7.8,19.5,93.5,4.85,129.5,42,15,11.5,3.01,1.26,24.45,15.8,0.23,6.6,30,132,3.79
206,10/28/21,209.21,234.69,1960.3,3849.53,177.85,2125.03,1645.37,10.2,5.55,36.45,430,26.5,70,8,1.32,11.5,36,2.46,12.5,30.9,17.8,0.45,58,165,12.45,49.7,0.96,6.9,1.32,1855,0.38,3.89,21.55,349.5,85,44,4.76,2.4,1.7,4.53,6,3.83,385,1500,7.5,330,3.9,4.12,5.22,24.4,21.6,8.48,1.9,10.4,7.8,20,93.5,4.8,129.25,42.85,15,11.5,3.01,1.27,24.45,15.45,0.23,6.6,30,140,4
207,10/29/21,209.13,234.75,1961.33,3851.67,177.96,2126.35,1644.91,10.2,5.55,36.65,430,29,70,7.96,1.28,11.5,36,2.56,12.5,32,17.75,0.45,58.75,166,12,49.7,1,6.72,1.35,1855,0.4,3.81,21.45,360,85,43.95,4.69,2.42,1.72,4.53,6,3.83,385,1500,8,330,3.91,4.12,5.04,24.1,20.7,8.8,2,10.4,7.8,19.95,94,4.79,130,42.8,15,11.5,3.04,1.35,24.7,16,0.23,6.64,30,138,4
208,11/1/21,208.4,232.48,1972.02,3823.47,175.83,2120.02,1640.01,10.1,5.55,36.75,430,29,70,8,1.25,11.8,36,2.48,12.65,32,17.6,0.45,57.25,165.75,12.45,49.75,1.01,7.04,1.35,1855,0.4,3.99,21.75,360,90,43.95,4.57,2.4,2.02,4.53,6,3.83,415,1500,8,300,3.96,4.12,5.34,24.1,21.05,9.18,2,10.4,8.1,20,92.75,4.73,129.25,41.95,15,11.7,2.86,1.32,24.25,16,0.23,6.88,30,138,4.19
209,11/2/21,208.3,231.77,1958.66,3806.15,174.85,2118.71,1638.27,10.1,5.55,36.15,430,28.75,64.5,7.76,1.3,12.3,36,2.44,12.5,32.75,17.75,0.45,57.5,167,12.4,50,1,7.04,1.34,1855,0.38,3.8,21.9,350,85,43.85,4.71,2.39,1.98,4.53,6,3.83,385,1500,8.06,300,3.93,4.12,5.12,24.1,21.5,8.48,1.94,10.4,8,19.05,87,4.85,129,41.65,15,11.7,3,1.31,24.45,15.5,0.22,6.98,28.5,138,4.19
210,11/3/21,208.21,231.72,1968.6,3819.69,175.04,2120.56,1639.7,10.15,5.55,36.05,430,28.75,70,7.72,1.3,13.25,36,2.45,12.5,32,17.65,0.45,57,169.25,13.55,50,1.04,7.06,1.33,1815,0.37,3.72,21.85,350,85,43.55,4.72,2.4,1.94,4.53,6,3.83,385,1500,8,300,3.77,4.12,4.93,24.5,21.5,8.54,2,10.4,8,20,95,4.89,130,41.6,15,12,3,1.3,24.35,15.5,0.22,6.98,28.5,138,4.19
211,11/4/21,207.81,230.19,1956.28,3791.12,173.4,2113.57,1630.63,10.3,5.55,36.75,429.5,28.75,70,7.7,1.3,13.1,36,2.43,12.5,32,17.7,0.45,57,169,13,50,0.97,7.1,1.23,1815,0.4,3.81,21.7,350,85,43.5,4.72,2.39,1.91,4.53,6,3.83,385,1500,7.5,300,3.71,4.12,4.83,24.45,21.2,8.38,1.92,10.4,8,20,87,4.9,129.75,41.05,16,11.5,3,1.3,24.6,16,0.22,6.9,28.5,138,4.22
212,11/5/21,206.7,227.71,1948.87,3757.8,170.94,2103.85,1623.13,10.25,5.55,36.45,430,26.5,70,7.82,1.41,13.05,36,2.4,12.5,32,17.65,0.45,57,169,13,49.9,0.96,7.06,1.35,1815,0.41,3.82,21.75,343.75,85,43.5,4.68,2.32,1.91,4.53,6,3.83,385,1500,7.5,300,3.8,4.12,4.98,24.1,21.55,8.32,1.92,10.4,8,19.65,87,4.85,129.75,40.2,16,12.4,3.01,1.3,24.25,16,0.22,6.4,28.5,138,4.22
213,11/8/21,206.63,227.4,1935.91,3749.82,170.41,2100.1,1619.51,10.25,5.55,36.05,430,26.5,66.25,7.54,1.38,13.05,36,2.38,12.4,32,17.65,0.45,57.5,165.25,14,50.25,0.96,7,1.35,1815,0.4,4.16,21.85,345.25,81,44,4.61,2.32,1.9,4.53,6,3.83,385,1500,6.8,300,3.91,4.12,4.97,24.15,20,8.2,1.97,10.4,8,19.9,87,5,129.5,40.05,16,12.4,2.97,1.3,24.8,16,0.22,6.3,28.5,138,3.8
214,11/9/21,208.37,228.8,1934.83,3775.33,171.03,2118.32,1631.37,10.4,5.55,35.5,428.25,27,68.75,7.54,1.28,13.05,36,2.36,12.4,33.6,17.7,0.45,60,165,14,51.75,0.95,7.06,1.35,1815,0.39,4.17,21.8,345.25,81,44.4,4.52,2.33,1.9,4.53,6,3.83,385,1500,7,300,3.91,4.12,4.98,24.15,20,8.4,1.97,10.4,8,19,87,4.54,129.25,40.1,16,12.5,2.81,1.3,24.8,16,0.22,6.4,28.5,134,3.8
215,11/10/21,210.15,230.81,1933.28,3804.97,172.48,2137.24,1645.94,10.3,5.55,35.15,429.5,28.5,69,7.52,1.25,13,36,2.41,12.35,32.7,17.5,0.45,57.75,164,14,53.25,0.89,6.94,1.35,1815,0.4,4.24,22.25,345.25,81,44.65,4.6,2.32,1.88,4.53,6,3.83,385,1500,7,300,3.95,4.12,4.96,24.05,20,8.42,2,10.4,8,19,87.25,4.6,129.5,40.5,16,12.5,2.99,1.3,24.95,16.85,0.22,6.3,28.5,134,3.8
216,11/11/21,209.54,230.32,1931.01,3803.3,172.42,2133.4,1641.52,10.3,5.55,35.6,429,27.85,70,7.52,1.22,13,36,2.41,12.45,30.75,15.95,0.45,58,162.75,12.7,53,0.85,6.98,1.3,1815,0.37,4.23,21.9,340,81,44.65,4.6,2.3,1.88,4.53,6,3.83,415,1500,7.38,300,3.78,4.12,5.14,24,20,8.44,2,10.4,8,18.45,94,4.57,129.25,40.5,16,11.5,2.99,1.17,24.75,16.55,0.21,6.38,28.5,134,3.5
217,11/12/21,208.25,228.95,1919.95,3782.92,171.47,2124.4,1635.32,10.2,5.55,35.4,429,28.5,70,7.5,1.29,13,32.95,2.39,12.55,31.6,15.15,0.45,58,162.25,13.9,52.5,0.85,6.98,1.33,1815,0.37,4.15,21.95,340,81,44.5,4.53,2.33,1.84,4.53,6,3.83,415,1500,7.02,300,3.93,4.12,5.32,23.95,20,8.38,2,10.4,8,18.1,94,4.54,130.5,40.2,16,11.5,2.99,1.17,24.65,16.2,0.21,6.4,28.5,134,3.5
218,11/15/21,207.63,227.9,1917.51,3766.71,170.83,2110.27,1623,10.4,5.55,36.5,429,28.5,70,7.56,1.23,12.95,32.5,2.33,12.5,30.5,15.25,0.45,57.5,160,13.9,52,0.89,6.52,1.35,1815,0.39,4.45,21.6,340,81,44.35,4.56,2.33,1.8,4.53,6,3.83,415,1500,7.6,300,3.91,4.12,5.04,24,20,8.24,2,10.4,8,18.25,94,4.5,129.5,40.05,14.45,11.85,2.89,1.2,24.55,16.2,0.22,6.4,28.5,132,3.8
219,11/16/21,207.35,227.77,1911,3759.79,170.54,2107.44,1620.09,10.35,5.55,36.5,428.25,26.9,68,7.4,1.28,13.05,32.9,2.31,12.5,30.5,15.55,0.45,57.5,160.25,13.9,51.5,0.89,6.54,1.35,1815,0.38,4.51,21.55,340,81,44.55,4.58,2.27,1.78,4.53,6,3.83,385,1500,7,300,3.92,4.12,4.92,23.75,20,8.24,1.93,10.4,8,18.25,94,4.41,130.5,40.05,14.45,11.5,2.71,1.3,24.55,16.2,0.22,6.4,28.5,133.75,3.54
220,11/17/21,206.72,226.84,1900.18,3739.78,169.7,2100.59,1614.83,10.35,5.55,35.35,428.75,26.9,68,7.22,1.29,13.15,32.9,2.32,12.45,30.5,15.35,0.45,57.25,158.5,13.9,51.5,0.93,6.7,1.3,1815,0.38,4.49,21.65,328,81,44.55,4.56,2.26,1.78,4.53,6,3.83,385,1500,7.5,300,3.9,4.12,4.45,23.75,20.15,8.5,1.82,10.4,7.2,18,90.5,4.38,129.75,39.85,14.45,11.5,2.71,1.19,24.5,15.6,0.22,6.8,28.5,133.75,3.54
221,11/18/21,207.76,227.23,1890.59,3745.85,169.5,2111.76,1620.52,10.45,5.55,35.65,428.75,26.9,68,7.02,1.28,12.95,32.9,2.26,12.45,30.5,15.05,0.45,57.5,158.75,13.9,52,0.98,6.7,1.3,1930,0.38,4.78,21.5,328,81,45.3,4.51,2.23,1.76,4.53,6,3.83,385,1500,7.5,297,3.98,4.12,4.1,23.65,20,8.22,1.99,10.4,7.2,18,90.75,4.31,129,39.7,14.7,11.5,2.71,1.19,24.5,15.6,0.23,6.8,28.5,137.5,3.8
222,11/19/21,207.7,226.22,1893.65,3732.47,168.43,2105.24,1616.96,10.5,5.55,36,426.5,26.9,68,7.24,1.3,13,35.5,2.3,12.3,30.5,15.05,0.45,57,157,13.9,52,0.89,6.84,1.31,1930,0.4,4.9,21.45,328,82,45.9,4.6,2.27,1.71,4.53,6,3.83,385,1500,7.46,297,3.98,4.12,3.81,23.75,20,8.32,2,10.4,7.2,18.65,91.75,4.26,128.75,39.25,15.5,11.5,2.85,1.18,24.4,15.6,0.24,6.8,28.5,134,3.8
223,11/22/21,205.39,221.93,1876.11,3679.83,164.81,2086.57,1599.77,10.45,5.55,35.55,423.75,26.4,70,7.26,1.29,13,35.5,2.27,12.45,30.5,15,0.45,57,158,13.9,52,0.88,6.96,1.33,1930,0.4,4.85,21,328,82,44.95,4.48,2.26,1.73,4.53,6,3.83,385,1500,7.04,300,4,4.12,4.18,23.5,19.15,8.2,2,10.4,7.2,18,91.75,4.11,128.5,37.95,15.3,11.5,2.61,1.2,24.35,15.75,0.23,6.9,28.5,134,3.8
224,11/23/21,204.51,220.64,1878.46,3667.92,163.78,2074.67,1589.94,10.75,5.55,35.55,424,28,68.75,7.14,1.27,13,35.5,2.15,12.35,30.5,15.1,0.45,57,157.5,14,51.75,0.88,6.88,1.3,1930,0.39,4.7,21.25,340,82,44.7,4.34,2.26,1.75,4.53,6,3.83,385,1500,6.78,300,4.04,4.12,4.57,23.55,19.5,8.24,1.82,10.4,7.2,18,91.75,4.25,128.5,37.55,14.85,11.5,2.87,1.3,24.4,15.45,0.23,6.5,28.5,130.5,3.8
225,11/24/21,202.81,218.02,1866.97,3630.33,161.84,2052.55,1572.29,10.9,5.55,35.25,424,27,68.75,7,1.2,13.1,35.5,2,12.3,30.5,14.9,0.45,55.75,155,14,51.5,0.85,6.8,1.28,1930,0.39,4.46,21.15,340,82,44,4.43,2.26,1.74,4.53,6,3.83,423.5,1500,6.74,300,4,4.12,5,23.1,19.35,8.3,2,10.4,7.6,18,91.75,4.22,128,36.95,14.85,11.4,2.65,1.3,24.45,15,0.22,6.5,28.5,131.75,4.05
226,11/25/21,202.65,218.07,1871.93,3635,162.14,2049.6,1570.02,10.9,5.55,35.25,424,27,67.25,7.46,1.29,12.9,35.5,2.18,12.3,30.5,14.55,0.45,56.25,153.5,14,51.5,0.85,6.6,1.3,1930,0.38,4.14,21.15,349,82,44,4.45,2.29,1.76,4.53,6,3.83,423.5,1500,6.8,300,3.97,4.12,5.3,23.25,18.65,8.28,1.95,10.4,7.6,18,93,4.24,127.75,37,15,11,2.63,1.3,24.25,15,0.22,6.9,28.5,131.75,3.8
227,11/26/21,204.19,220.88,1886.35,3668.11,164.77,2064.3,1579.18,10.95,5.55,35.6,434,26.6,70,7.42,1.29,12.9,35.5,2.3,12.35,30.5,14.95,0.45,57,154,14,51.5,0.88,6.68,1.35,1930,0.39,4.32,20.9,340,82,43.85,4.4,2.36,1.79,4.53,6,3.83,423.5,1500,6.8,300,3.93,4.12,5.68,23.5,18.85,8.42,2,10.4,7.6,18.1,91,4.24,127.5,38,14.85,11,2.65,1.23,24.5,15,0.23,6.9,27.55,131,3.8
228,11/29/21,203.02,220.21,1888.29,3664.47,164.77,2048.22,1566.87,11.25,5.55,35.15,430,26.6,70,7.5,1.29,11.65,32.45,2.29,12.3,30.5,15.45,0.45,56.5,154.5,12.9,50.25,0.92,6.7,1.3,1930,0.4,4.33,21,345,82,43.55,4.38,2.31,1.76,4.53,6,3.83,423.5,1500,6.8,300,3.9,4.12,6.1,24.2,18.7,8.7,1.98,10.4,7,18.2,92.25,4.16,128.25,38.05,14.9,11.85,2.68,1.24,24.25,14.2,0.21,6.9,27.55,131,3.8
229,11/30/21,201.01,218.59,1871.31,3633.46,163.9,2028.01,1551.41,11.05,5.55,35.25,430.25,26.6,70,7.2,1.29,11.2,32.45,2.24,12.2,30.5,15.05,0.45,56,153,12.7,49,0.86,6.72,1.3,1875,0.4,4.21,20.8,340,82,43.4,4.42,2.33,1.75,4.53,6,3.83,423.5,1500,6.56,300,3.91,4.12,6,24.7,18.15,8.64,1.81,10.4,7,18.2,92.25,4.01,128.25,37.95,15,11.5,2.68,1.31,24.25,14.2,0.23,6.9,27.55,130.25,3.8
230,12/1/21,198.73,216.91,1866.08,3605.51,163.2,2003.97,1532.34,10.9,5.55,35.5,430,26.6,70,7.2,1.24,11,35.5,2.19,12.05,30.5,15.05,0.45,54.75,152,12.8,48.25,0.92,6.54,1.28,1875,0.39,4.2,20.9,340,82,42.25,4.42,2.33,1.75,4.53,6,3.83,423.5,1500,6.74,300,3.9,4.12,5.98,24.6,18.8,8.66,1.99,10.4,7.04,19,91.75,4.02,129,37.9,13.55,11.5,2.74,1.26,23.75,15.4,0.23,6.9,27.55,129,3.8
231,12/2/21,195.42,214.88,1844.03,3569.3,162.24,1973.83,1508.62,10.8,5.55,35.45,428.5,27,70,7.14,1.24,11.15,31.95,2.08,11.8,30.5,14.8,0.45,55.5,149.75,13.95,47.35,0.94,6.7,1.28,1875,0.4,4.17,20.75,340,82,41.1,4.04,2.37,1.75,4.53,6,3.83,423.5,1500,6.52,300,3.64,4.12,5.98,24.25,17.95,8.68,1.99,10.4,7,19,90.75,4.07,129,37.9,13.5,11.5,2.89,1.26,24.05,15.4,0.24,6.9,27.55,129.25,3.8
232,12/3/21,194.49,212.33,1839.46,3533.74,160.03,1957.89,1495.78,11.05,5.55,35.05,427,27,70,6.94,1.25,11.05,35,2.16,11.8,30.6,14.35,0.45,55.25,150,13.95,46.6,0.96,6.68,1.3,1875,0.4,4.1,20.6,339.75,82,41.15,4.34,2.32,1.74,4.53,6,3.83,423.5,1500,6.98,300,3.9,4.12,5.88,24,18.35,8.58,1.99,10.4,7,19,90.5,4.07,129,37.05,14.65,11.5,2.77,1.3,25,15.4,0.22,6.9,27.55,129.25,4.17
233,12/6/21,192.14,210.91,1822.26,3499.54,159.06,1937.83,1479.8,10.8,5.55,34.25,420.25,27,70,6.9,1.28,10.9,35,2.23,12,30.6,14.4,0.45,58.5,148.5,13.8,45,1.01,6.54,1.25,1875,0.4,3.88,21.1,339.75,82,41.1,4.21,2.28,1.74,4.53,6,3.83,423.5,1500,7.04,300,3.9,4.12,6,23.15,17.8,8.58,1.94,10.4,7,18.4,87,4.09,129,36.95,13.55,11.4,2.89,1.31,24,14,0.22,6.9,27.65,127,4.17
234,12/7/21,191.79,209.41,1822.72,3478.41,157.53,1934.11,1475.65,10.85,5.55,33.55,421.5,24.3,71,7,1.19,10.8,35,2.18,11.8,30.5,14.9,0.45,57,150,13.8,45.15,1.02,6.16,1.35,1875,0.37,3.99,21,306,90,41,4.23,2.23,1.74,4.53,6,3.83,423.5,1500,7.24,300,3.99,4.12,5.6,23.15,18,8.5,1.97,10.4,7,18.4,87,4.22,128.75,36.5,14.45,11.55,3,1.25,24.05,14,0.22,6.3,27.65,126,4.17
235,12/8/21,195.6,212.43,1830.85,3529.61,158.96,1973.7,1505.18,10.95,5.55,33.9,421.5,26.35,72,6.8,1.25,10.8,35,2.13,11.95,30.5,14.3,0.45,56.5,150.5,13.8,46.95,1.02,6.2,1.35,1875,0.39,3.99,21,336,90,42.75,4.29,2.29,1.8,4.53,6,3.83,423.5,1500,7,300,3.95,4.12,5.94,23.5,17.7,8.58,1.99,10.4,7,18.4,87.25,4.11,127.5,36.6,13.55,11.5,2.7,1.34,24.5,14,0.22,6.3,27.65,126,4.17
236,12/9/21,196.69,213.71,1838.69,3548.33,160.03,1983.81,1512.89,10.95,5.55,33.8,430,26.35,72,6.96,1.21,10.8,31.5,2.15,12,31.1,14.8,0.45,58,149.5,13.8,47.05,1.02,6.4,1.35,1875,0.39,4,20.95,336,90,43.15,4.28,2.27,1.76,4.53,6,3.83,423.5,1500,6.9,300,3.98,4.12,5.98,23.95,17.9,8.52,1.99,10.4,7,18.85,87,4.14,124,36.95,14.9,11.5,2.7,1.28,24.5,15.4,0.22,6.3,27.65,126,4.17
237,12/10/21,198.78,216.6,1856.45,3594.17,162.77,2010.03,1532.89,11.05,5.55,35.15,430,26.35,72,6.98,1.24,10.8,34,2.16,12.2,31.1,14.45,0.45,56,149,13.95,47.5,1.02,6.52,1.35,1875,0.39,3.97,20.95,336,90,43.25,4.49,2.29,1.74,4.53,6,3.83,423.5,1500,7.16,300,4,4.12,6.04,24.05,18.9,8.44,1.99,10.4,6.48,20.6,92.25,4.04,127,37.8,14.9,11.5,2.75,1.28,24,15.4,0.23,6.3,27.65,126,4.17
238,12/14/21,200.05,217.2,1863.18,3611.7,163.11,2021.52,1541.66,11.2,5.55,34.95,427.5,26.35,72,7.18,1.22,10.8,34,2.13,12.3,31.1,14.6,0.45,56,149,13.6,48.65,1.04,6.62,1.35,1875,0.39,4,20.95,330,90,43.2,4.55,2.29,1.73,4.53,6,3.83,423.5,1500,7.32,300,4,4.12,6.14,24.5,18.6,8.5,1.95,10.4,7,20.6,92.25,3.98,127,37.75,13.6,11.5,2.69,1.3,24,15.05,0.23,6.9,27.65,126,4.17
239,12/15/21,200.66,217.54,1869.49,3617.1,163.13,2029.83,1547.99,11.05,5.55,35,429,26.35,72,7.24,1.25,10.7,34,2.11,12.3,31.1,14.75,0.45,56,149,13.6,48.95,1.03,6.6,1.35,1875,0.38,3.96,20.65,330,90,43.75,4.51,2.35,1.7,4.53,6,3.83,385,1500,7.32,300,3.98,4.12,6.16,24.95,18.75,8.58,1.8,10.4,6.52,22.4,92.25,4,127,37.7,13.65,11.55,2.69,1.3,24.05,15.4,0.23,6.9,27.65,126,4.17
240,12/16/21,201.2,218.1,1862.44,3623.83,163.31,2039.12,1553.7,11,5.55,35,429,26.35,72,7.02,1.28,10.8,34,2.12,12.3,31.1,14.6,0.45,57,150,13.6,49.35,1.04,6.62,1.35,1875,0.39,3.81,20.35,329.75,90,44,4.48,2.32,1.7,4.53,6,3.83,385,1500,7.04,300,3.95,4.12,6,25.05,18.15,8.5,1.95,10.4,6.06,20.55,92.25,3.96,126.75,37.75,14.95,11.55,2.69,1.3,23.15,15.4,0.23,6.9,27.65,126,4.15
241,12/17/21,200.52,218.11,1854.55,3625.08,163.64,2033.2,1549.19,11.2,5.55,35.05,435,26.4,72,7.1,1.28,10.8,34,2.14,12.3,31.5,14.45,0.45,57,148.25,13.6,48.65,1.02,6.62,1.35,1875,0.39,3.74,20.8,329.75,90,44.1,4.13,2.22,1.73,4.53,6,3.83,385,1500,7.24,300,4,4.12,6.48,25.05,18.5,8.5,1.98,10.4,6.06,20.3,92.5,3.91,126.5,37.95,14.5,11.5,2.8,1.3,23.2,15.4,0.23,6.9,27.65,126,4.15
242,12/20/21,201.47,219,1865.84,3637.61,164.09,2043.19,1556.12,11.1,5.55,34.65,435,26.65,72,7.06,1.21,10.8,34,2.11,12.2,30.5,14.4,0.45,57.25,151,12.85,48.75,1.01,6.66,1.35,1880,0.4,3.96,20.95,329.75,90,44.5,4.27,2.32,1.7,4.53,6,3.83,385,1500,7.24,305,4,4.12,6.34,25,18.95,8.46,2,10.4,6.06,20.3,94,4,127.5,38,14.95,11.55,2.77,1.3,23.5,15.4,0.23,6.9,27.65,138.5,4.15
243,12/21/21,203.6,220.69,1871.02,3670.42,164.92,2077.14,1583.37,11.2,5.55,34.1,435,27.4,72,6.74,1.29,10.8,33.9,2.07,12.45,30.5,14.5,0.45,57,161.75,12.85,49,1.04,6.6,1.35,1880,0.39,3.69,21.15,328.5,90,44.65,4.28,2.3,1.7,4.53,6,3.83,385,1500,7,335,3.95,4.12,6.22,25.05,20,8.32,1.92,10.4,6.06,21.95,92,4,127,38.05,14.95,11.55,2.73,1.25,24.1,15.4,0.23,6.9,27.65,129,4.15
244,12/22/21,204.8,222.62,1872.6,3698.61,166.79,2093.58,1594.49,11.2,5.55,34.25,436,28.65,72,7.04,1.26,10.65,33.9,2.12,12.5,30.5,14.2,0.45,57.25,164.5,12.85,49.15,1.01,6.56,1.35,1880,0.37,3.85,21.25,310.25,90,44.75,4.28,2.32,1.73,4.53,6,3.83,385,1500,7.24,335,3.99,4.12,6.22,25.5,18.05,8.32,2,10.4,6.06,21.85,92,4,127,38.65,14.95,11.55,2.54,1.3,23.95,15.4,0.23,7,27.65,138.5,3.85
245,12/23/21,206.38,226.23,1890.21,3741.95,170.12,,,11.3,5.55,36.45,440,28,70.5,7.08,1.22,11,33.9,2.1,12.5,30.5,14.25,0.45,57.25,165,13.8,48.65,0.96,6.52,1.34,1880,0.39,4,21.25,310.25,89,44.9,4.31,2.3,1.75,4.53,6,3.83,385,1500,7.04,335,3.96,4.12,5.76,25.45,18.95,8.42,1.97,10.4,6.06,21.95,92,4,127,39.95,14.95,11.55,2.78,1.3,24,15.4,0.24,7,27.65,135,3.85
246,12/24/21,207.44,227.09,1901.97,3759.84,170.57,2114.21,1609.49,11.55,5.55,36.6,440,28,70.5,7.04,1.22,11,33.9,2.2,12.45,30.5,14.1,0.45,59.5,168,13.8,48.5,0.99,6.48,1.35,1880,0.4,3.9,21.5,310.25,89,45.2,4.24,2.29,1.74,4.53,6,3.83,385,1500,7.04,320,3.96,4.12,5.36,25.75,19.95,8.42,1.78,10.4,6.06,21.9,92,4.05,128,40,14.95,11.55,2.78,1.3,24.95,15.25,0.23,7,27.65,130.25,3.85
247,12/28/21,207.46,225.9,1890.05,3748.11,169.1,,,11.6,5.55,36.05,435,28.95,70,7.48,1.21,11,33.95,2.2,12.7,31.95,14.2,0.45,60,168,13.5,49.6,0.95,6.5,1.35,1880,0.39,3.91,21.5,316.75,89,44.95,4.15,2.25,1.73,4.53,6,3.83,385,1500,7.18,320,4,4.12,5.08,25.45,18.15,8.38,1.81,10.4,6.06,21.9,86.75,4.11,128,39.35,13.55,11.55,2.68,1.19,25.2,15,0.23,7,27.65,130,4.04
248,12/29/21,207.86,224.85,1899.29,3740.8,167.88,2122.26,1614.9,11.8,5.55,37.15,441.5,28.5,70,7.68,1.2,10.9,31,2.18,12.9,31.95,14.2,0.45,60,167.75,13.5,50,0.98,6.52,1.35,1880,0.37,3.88,21.4,316.75,95.5,45,4.19,2.29,1.74,4.53,6,3.83,385,1500,7.4,320,4,4.12,5.56,25.3,18.35,8.3,1.97,10.4,6.06,20.75,86.75,4,128,38.75,13.55,11.55,2.78,1.17,25.7,15.25,0.23,6.74,27.65,130,4.1
249,12/30/21,207.14,222.24,1897.62,3715.09,165.27,2116.42,1610.46,11.7,5.55,37.65,441.5,29,70,7.66,1.23,11,33.95,2.29,12.9,31.95,14.2,0.45,59.5,165.25,13.5,51,0.98,6.26,1.33,1880,0.39,3.93,21.4,316.75,95.5,45.15,4.1,2.24,1.74,4.53,6,3.83,385,1500,7.4,320,4,4.12,5.78,26,18.15,8.26,1.99,10.4,6.06,18.7,88,4.11,128,37.65,13.55,11.55,2.78,1.17,25.7,15.25,0.23,6.74,27.65,130,4.1
250,12/31/21,209.5,224.4,1902.57,3743.9,166.46,2140.45,1628.74,11.85,5.55,38,441.5,29,70,7.5,1.2,11,33.95,2.21,12.95,30.5,14.1,0.45,59.5,165,13.5,52.75,0.98,6.26,1.26,1880,0.4,3.9,21.1,316.75,95.5,45.45,4.19,2.3,1.75,4.53,6,3.83,385,1500,7,320,4,4.12,6.06,25.2,18.45,8,2,10.4,6.66,18.7,87.25,4.14,128.25,37.95,13.55,11.55,2.86,1.17,25,15.25,0.24,6.74,27.65,130,4.1